dam_code,base_datetime,forecast_datetime,grid_x,grid_y,tmp,rain,snow,pty,source,raw_payload,created_at,updated_at
1003110,2026-06-02 15:30:00,2026-06-02 16:00:00,77,115,26.0,0.0,0.0,0,KMA_ULTRA_FCST,"[{""nx"": 77, ""ny"": 115, ""baseDate"": ""20260602"", ""baseTime"": ""1530"", ""category"": ""LGT"", ""fcstDate"": ""20260602"", ""fcstTime"": ""1600"", ""fcstValue"": ""0""}, {""nx"": 77, ""ny"": 115, ""baseDate"": ""20260602"", ""baseTime"": ""1530"", ""category"": ""PTY"", ""fcstDate"": ""20260602"", ""fcstTime"": ""1600"", ""fcstValue"": ""0""}, {""nx"": 77, ""ny"": 115, ""baseDate"": ""20260602"", ""baseTime"": ""1530"", ""category"": ""RN1"", ""fcstDate"": ""20260602"", ""fcstTime"": ""1600"", ""fcstValue"": ""강수없음""}, {""nx"": 77, ""ny"": 115, ""baseDate"": ""20260602"", ""baseTime"": ""1530"", ""category"": ""SKY"", ""fcstDate"": ""20260602"", ""fcstTime"": ""1600"", ""fcstValue"": ""3""}, {""nx"": 77, ""ny"": 115, ""baseDate"": ""20260602"", ""baseTime"": ""1530"", ""category"": ""T1H"", ""fcstDate"": ""20260602"", ""fcstTime"": ""1600"", ""fcstValue"": ""26""}, {""nx"": 77, ""ny"": 115, ""baseDate"": ""20260602"", ""baseTime"": ""1530"", ""category"": ""REH"", ""fcstDate"": ""20260602"", ""fcstTime"": ""1600"", ""fcstValue"": ""60""}, {""nx"": 77, ""ny"": 115, ""baseDate"": ""20260602"", ""baseTime"": ""1530"", ""category"": ""UUU"", ""fcstDate"": ""20260602"", ""fcstTime"": ""1600"", ""fcstValue"": ""-0.3""}, {""nx"": 77, ""ny"": 115, ""baseDate"": ""20260602"", ""baseTime"": ""1530"", ""category"": ""VVV"", ""fcstDate"": ""20260602"", ""fcstTime"": ""1600"", ""fcstValue"": ""0.6""}, {""nx"": 77, ""ny"": 115, ""baseDate"": ""20260602"", ""baseTime"": ""1530"", ""category"": ""VEC"", ""fcstDate"": ""20260602"", ""fcstTime"": ""1600"", ""fcstValue"": ""146""}, {""nx"": 77, ""ny"": 115, ""baseDate"": ""20260602"", ""baseTime"": ""1530"", ""category"": ""WSD"", ""fcstDate"": ""20260602"", ""fcstTime"": ""1600"", ""fcstValue"": ""1""}]",2026-06-02 16:34:50,2026-06-02 16:34:50
1003110,2026-06-02 15:30:00,2026-06-02 17:00:00,77,115,26.0,0.0,0.0,0,KMA_ULTRA_FCST,"[{""nx"": 77, ""ny"": 115, ""baseDate"": ""20260602"", ""baseTime"": ""1530"", ""category"": ""LGT"", ""fcstDate"": ""20260602"", ""fcstTime"": ""1700"", ""fcstValue"": ""0""}, {""nx"": 77, ""ny"": 115, ""baseDate"": ""20260602"", ""baseTime"": ""1530"", ""category"": ""PTY"", ""fcstDate"": ""20260602"", ""fcstTime"": ""1700"", ""fcstValue"": ""0""}, {""nx"": 77, ""ny"": 115, ""baseDate"": ""20260602"", ""baseTime"": ""1530"", ""category"": ""RN1"", ""fcstDate"": ""20260602"", ""fcstTime"": ""1700"", ""fcstValue"": ""강수없음""}, {""nx"": 77, ""ny"": 115, ""baseDate"": ""20260602"", ""baseTime"": ""1530"", ""category"": ""SKY"", ""fcstDate"": ""20260602"", ""fcstTime"": ""1700"", ""fcstValue"": ""3""}, {""nx"": 77, ""ny"": 115, ""baseDate"": ""20260602"", ""baseTime"": ""1530"", ""category"": ""T1H"", ""fcstDate"": ""20260602"", ""fcstTime"": ""1700"", ""fcstValue"": ""26""}, {""nx"": 77, ""ny"": 115, ""baseDate"": ""20260602"", ""baseTime"": ""1530"", ""category"": ""REH"", ""fcstDate"": ""20260602"", ""fcstTime"": ""1700"", ""fcstValue"": ""55""}, {""nx"": 77, ""ny"": 115, ""baseDate"": ""20260602"", ""baseTime"": ""1530"", ""category"": ""UUU"", ""fcstDate"": ""20260602"", ""fcstTime"": ""1700"", ""fcstValue"": ""-0.3""}, {""nx"": 77, ""ny"": 115, ""baseDate"": ""20260602"", ""baseTime"": ""1530"", ""category"": ""VVV"", ""fcstDate"": ""20260602"", ""fcstTime"": ""1700"", ""fcstValue"": ""0""}, {""nx"": 77, ""ny"": 115, ""baseDate"": ""20260602"", ""baseTime"": ""1530"", ""category"": ""VEC"", ""fcstDate"": ""20260602"", ""fcstTime"": ""1700"", ""fcstValue"": ""90""}, {""nx"": 77, ""ny"": 115, ""baseDate"": ""20260602"", ""baseTime"": ""1530"", ""category"": ""WSD"", ""fcstDate"": ""20260602"", ""fcstTime"": ""1700"", ""fcstValue"": ""0.1""}]",2026-06-02 16:34:50,2026-06-02 16:34:50
1003110,2026-06-02 15:30:00,2026-06-02 18:00:00,77,115,26.0,0.0,0.0,0,KMA_ULTRA_FCST,"[{""nx"": 77, ""ny"": 115, ""baseDate"": ""20260602"", ""baseTime"": ""1530"", ""category"": ""LGT"", ""fcstDate"": ""20260602"", ""fcstTime"": ""1800"", ""fcstValue"": ""0""}, {""nx"": 77, ""ny"": 115, ""baseDate"": ""20260602"", ""baseTime"": ""1530"", ""category"": ""PTY"", ""fcstDate"": ""20260602"", ""fcstTime"": ""1800"", ""fcstValue"": ""0""}, {""nx"": 77, ""ny"": 115, ""baseDate"": ""20260602"", ""baseTime"": ""1530"", ""category"": ""RN1"", ""fcstDate"": ""20260602"", ""fcstTime"": ""1800"", ""fcstValue"": ""강수없음""}, {""nx"": 77, ""ny"": 115, ""baseDate"": ""20260602"", ""baseTime"": ""1530"", ""category"": ""SKY"", ""fcstDate"": ""20260602"", ""fcstTime"": ""1800"", ""fcstValue"": ""3""}, {""nx"": 77, ""ny"": 115, ""baseDate"": ""20260602"", ""baseTime"": ""1530"", ""category"": ""T1H"", ""fcstDate"": ""20260602"", ""fcstTime"": ""1800"", ""fcstValue"": ""26""}, {""nx"": 77, ""ny"": 115, ""baseDate"": ""20260602"", ""baseTime"": ""1530"", ""category"": ""REH"", ""fcstDate"": ""20260602"", ""fcstTime"": ""1800"", ""fcstValue"": ""65""}, {""nx"": 77, ""ny"": 115, ""baseDate"": ""20260602"", ""baseTime"": ""1530"", ""category"": ""UUU"", ""fcstDate"": ""20260602"", ""fcstTime"": ""1800"", ""fcstValue"": ""-0.1""}, {""nx"": 77, ""ny"": 115, ""baseDate"": ""20260602"", ""baseTime"": ""1530"", ""category"": ""VVV"", ""fcstDate"": ""20260602"", ""fcstTime"": ""1800"", ""fcstValue"": ""0""}, {""nx"": 77, ""ny"": 115, ""baseDate"": ""20260602"", ""baseTime"": ""1530"", ""category"": ""VEC"", ""fcstDate"": ""20260602"", ""fcstTime"": ""1800"", ""fcstValue"": ""90""}, {""nx"": 77, ""ny"": 115, ""baseDate"": ""20260602"", ""baseTime"": ""1530"", ""category"": ""WSD"", ""fcstDate"": ""20260602"", ""fcstTime"": ""1800"", ""fcstValue"": ""0.1""}]",2026-06-02 16:34:50,2026-06-02 16:34:50
1003110,2026-06-02 15:30:00,2026-06-02 19:00:00,77,115,25.0,0.0,0.0,0,KMA_ULTRA_FCST,"[{""nx"": 77, ""ny"": 115, ""baseDate"": ""20260602"", ""baseTime"": ""1530"", ""category"": ""LGT"", ""fcstDate"": ""20260602"", ""fcstTime"": ""1900"", ""fcstValue"": ""0""}, {""nx"": 77, ""ny"": 115, ""baseDate"": ""20260602"", ""baseTime"": ""1530"", ""category"": ""PTY"", ""fcstDate"": ""20260602"", ""fcstTime"": ""1900"", ""fcstValue"": ""0""}, {""nx"": 77, ""ny"": 115, ""baseDate"": ""20260602"", ""baseTime"": ""1530"", ""category"": ""RN1"", ""fcstDate"": ""20260602"", ""fcstTime"": ""1900"", ""fcstValue"": ""강수없음""}, {""nx"": 77, ""ny"": 115, ""baseDate"": ""20260602"", ""baseTime"": ""1530"", ""category"": ""SKY"", ""fcstDate"": ""20260602"", ""fcstTime"": ""1900"", ""fcstValue"": ""4""}, {""nx"": 77, ""ny"": 115, ""baseDate"": ""20260602"", ""baseTime"": ""1530"", ""category"": ""T1H"", ""fcstDate"": ""20260602"", ""fcstTime"": ""1900"", ""fcstValue"": ""25""}, {""nx"": 77, ""ny"": 115, ""baseDate"": ""20260602"", ""baseTime"": ""1530"", ""category"": ""REH"", ""fcstDate"": ""20260602"", ""fcstTime"": ""1900"", ""fcstValue"": ""65""}, {""nx"": 77, ""ny"": 115, ""baseDate"": ""20260602"", ""baseTime"": ""1530"", ""category"": ""UUU"", ""fcstDate"": ""20260602"", ""fcstTime"": ""1900"", ""fcstValue"": ""-0.2""}, {""nx"": 77, ""ny"": 115, ""baseDate"": ""20260602"", ""baseTime"": ""1530"", ""category"": ""VVV"", ""fcstDate"": ""20260602"", ""fcstTime"": ""1900"", ""fcstValue"": ""0""}, {""nx"": 77, ""ny"": 115, ""baseDate"": ""20260602"", ""baseTime"": ""1530"", ""category"": ""VEC"", ""fcstDate"": ""20260602"", ""fcstTime"": ""1900"", ""fcstValue"": ""90""}, {""nx"": 77, ""ny"": 115, ""baseDate"": ""20260602"", ""baseTime"": ""1530"", ""category"": ""WSD"", ""fcstDate"": ""20260602"", ""fcstTime"": ""1900"", ""fcstValue"": ""0.1""}]",2026-06-02 16:34:50,2026-06-02 16:34:50
1003110,2026-06-02 15:30:00,2026-06-02 20:00:00,77,115,25.0,0.0,0.0,0,KMA_ULTRA_FCST,"[{""nx"": 77, ""ny"": 115, ""baseDate"": ""20260602"", ""baseTime"": ""1530"", ""category"": ""LGT"", ""fcstDate"": ""20260602"", ""fcstTime"": ""2000"", ""fcstValue"": ""0""}, {""nx"": 77, ""ny"": 115, ""baseDate"": ""20260602"", ""baseTime"": ""1530"", ""category"": ""PTY"", ""fcstDate"": ""20260602"", ""fcstTime"": ""2000"", ""fcstValue"": ""0""}, {""nx"": 77, ""ny"": 115, ""baseDate"": ""20260602"", ""baseTime"": ""1530"", ""category"": ""RN1"", ""fcstDate"": ""20260602"", ""fcstTime"": ""2000"", ""fcstValue"": ""강수없음""}, {""nx"": 77, ""ny"": 115, ""baseDate"": ""20260602"", ""baseTime"": ""1530"", ""category"": ""SKY"", ""fcstDate"": ""20260602"", ""fcstTime"": ""2000"", ""fcstValue"": ""4""}, {""nx"": 77, ""ny"": 115, ""baseDate"": ""20260602"", ""baseTime"": ""1530"", ""category"": ""T1H"", ""fcstDate"": ""20260602"", ""fcstTime"": ""2000"", ""fcstValue"": ""25""}, {""nx"": 77, ""ny"": 115, ""baseDate"": ""20260602"", ""baseTime"": ""1530"", ""category"": ""REH"", ""fcstDate"": ""20260602"", ""fcstTime"": ""2000"", ""fcstValue"": ""70""}, {""nx"": 77, ""ny"": 115, ""baseDate"": ""20260602"", ""baseTime"": ""1530"", ""category"": ""UUU"", ""fcstDate"": ""20260602"", ""fcstTime"": ""2000"", ""fcstValue"": ""-0.1""}, {""nx"": 77, ""ny"": 115, ""baseDate"": ""20260602"", ""baseTime"": ""1530"", ""category"": ""VVV"", ""fcstDate"": ""20260602"", ""fcstTime"": ""2000"", ""fcstValue"": ""0""}, {""nx"": 77, ""ny"": 115, ""baseDate"": ""20260602"", ""baseTime"": ""1530"", ""category"": ""VEC"", ""fcstDate"": ""20260602"", ""fcstTime"": ""2000"", ""fcstValue"": ""90""}, {""nx"": 77, ""ny"": 115, ""baseDate"": ""20260602"", ""baseTime"": ""1530"", ""category"": ""WSD"", ""fcstDate"": ""20260602"", ""fcstTime"": ""2000"", ""fcstValue"": ""0.1""}]",2026-06-02 16:34:50,2026-06-02 16:34:50
1003110,2026-06-02 15:30:00,2026-06-02 21:00:00,77,115,23.0,0.0,0.0,0,KMA_ULTRA_FCST,"[{""nx"": 77, ""ny"": 115, ""baseDate"": ""20260602"", ""baseTime"": ""1530"", ""category"": ""LGT"", ""fcstDate"": ""20260602"", ""fcstTime"": ""2100"", ""fcstValue"": ""0""}, {""nx"": 77, ""ny"": 115, ""baseDate"": ""20260602"", ""baseTime"": ""1530"", ""category"": ""PTY"", ""fcstDate"": ""20260602"", ""fcstTime"": ""2100"", ""fcstValue"": ""0""}, {""nx"": 77, ""ny"": 115, ""baseDate"": ""20260602"", ""baseTime"": ""1530"", ""category"": ""RN1"", ""fcstDate"": ""20260602"", ""fcstTime"": ""2100"", ""fcstValue"": ""강수없음""}, {""nx"": 77, ""ny"": 115, ""baseDate"": ""20260602"", ""baseTime"": ""1530"", ""category"": ""SKY"", ""fcstDate"": ""20260602"", ""fcstTime"": ""2100"", ""fcstValue"": ""4""}, {""nx"": 77, ""ny"": 115, ""baseDate"": ""20260602"", ""baseTime"": ""1530"", ""category"": ""T1H"", ""fcstDate"": ""20260602"", ""fcstTime"": ""2100"", ""fcstValue"": ""23""}, {""nx"": 77, ""ny"": 115, ""baseDate"": ""20260602"", ""baseTime"": ""1530"", ""category"": ""REH"", ""fcstDate"": ""20260602"", ""fcstTime"": ""2100"", ""fcstValue"": ""70""}, {""nx"": 77, ""ny"": 115, ""baseDate"": ""20260602"", ""baseTime"": ""1530"", ""category"": ""UUU"", ""fcstDate"": ""20260602"", ""fcstTime"": ""2100"", ""fcstValue"": ""0.1""}, {""nx"": 77, ""ny"": 115, ""baseDate"": ""20260602"", ""baseTime"": ""1530"", ""category"": ""VVV"", ""fcstDate"": ""20260602"", ""fcstTime"": ""2100"", ""fcstValue"": ""0""}, {""nx"": 77, ""ny"": 115, ""baseDate"": ""20260602"", ""baseTime"": ""1530"", ""category"": ""VEC"", ""fcstDate"": ""20260602"", ""fcstTime"": ""2100"", ""fcstValue"": ""270""}, {""nx"": 77, ""ny"": 115, ""baseDate"": ""20260602"", ""baseTime"": ""1530"", ""category"": ""WSD"", ""fcstDate"": ""20260602"", ""fcstTime"": ""2100"", ""fcstValue"": ""0.1""}]",2026-06-02 16:34:50,2026-06-02 16:34:50
1006110,2026-06-02 15:30:00,2026-06-02 16:00:00,78,126,31.0,0.0,0.0,0,KMA_ULTRA_FCST,"[{""nx"": 78, ""ny"": 126, ""baseDate"": ""20260602"", ""baseTime"": ""1530"", ""category"": ""LGT"", ""fcstDate"": ""20260602"", ""fcstTime"": ""1600"", ""fcstValue"": ""0""}, {""nx"": 78, ""ny"": 126, ""baseDate"": ""20260602"", ""baseTime"": ""1530"", ""category"": ""PTY"", ""fcstDate"": ""20260602"", ""fcstTime"": ""1600"", ""fcstValue"": ""0""}, {""nx"": 78, ""ny"": 126, ""baseDate"": ""20260602"", ""baseTime"": ""1530"", ""category"": ""RN1"", ""fcstDate"": ""20260602"", ""fcstTime"": ""1600"", ""fcstValue"": ""강수없음""}, {""nx"": 78, ""ny"": 126, ""baseDate"": ""20260602"", ""baseTime"": ""1530"", ""category"": ""SKY"", ""fcstDate"": ""20260602"", ""fcstTime"": ""1600"", ""fcstValue"": ""3""}, {""nx"": 78, ""ny"": 126, ""baseDate"": ""20260602"", ""baseTime"": ""1530"", ""category"": ""T1H"", ""fcstDate"": ""20260602"", ""fcstTime"": ""1600"", ""fcstValue"": ""31""}, {""nx"": 78, ""ny"": 126, ""baseDate"": ""20260602"", ""baseTime"": ""1530"", ""category"": ""REH"", ""fcstDate"": ""20260602"", ""fcstTime"": ""1600"", ""fcstValue"": ""45""}, {""nx"": 78, ""ny"": 126, ""baseDate"": ""20260602"", ""baseTime"": ""1530"", ""category"": ""UUU"", ""fcstDate"": ""20260602"", ""fcstTime"": ""1600"", ""fcstValue"": ""1.5""}, {""nx"": 78, ""ny"": 126, ""baseDate"": ""20260602"", ""baseTime"": ""1530"", ""category"": ""VVV"", ""fcstDate"": ""20260602"", ""fcstTime"": ""1600"", ""fcstValue"": ""1""}, {""nx"": 78, ""ny"": 126, ""baseDate"": ""20260602"", ""baseTime"": ""1530"", ""category"": ""VEC"", ""fcstDate"": ""20260602"", ""fcstTime"": ""1600"", ""fcstValue"": ""236""}, {""nx"": 78, ""ny"": 126, ""baseDate"": ""20260602"", ""baseTime"": ""1530"", ""category"": ""WSD"", ""fcstDate"": ""20260602"", ""fcstTime"": ""1600"", ""fcstValue"": ""2""}]",2026-06-02 16:34:51,2026-06-02 16:34:51
1006110,2026-06-02 15:30:00,2026-06-02 17:00:00,78,126,30.0,0.0,0.0,0,KMA_ULTRA_FCST,"[{""nx"": 78, ""ny"": 126, ""baseDate"": ""20260602"", ""baseTime"": ""1530"", ""category"": ""LGT"", ""fcstDate"": ""20260602"", ""fcstTime"": ""1700"", ""fcstValue"": ""0""}, {""nx"": 78, ""ny"": 126, ""baseDate"": ""20260602"", ""baseTime"": ""1530"", ""category"": ""PTY"", ""fcstDate"": ""20260602"", ""fcstTime"": ""1700"", ""fcstValue"": ""0""}, {""nx"": 78, ""ny"": 126, ""baseDate"": ""20260602"", ""baseTime"": ""1530"", ""category"": ""RN1"", ""fcstDate"": ""20260602"", ""fcstTime"": ""1700"", ""fcstValue"": ""강수없음""}, {""nx"": 78, ""ny"": 126, ""baseDate"": ""20260602"", ""baseTime"": ""1530"", ""category"": ""SKY"", ""fcstDate"": ""20260602"", ""fcstTime"": ""1700"", ""fcstValue"": ""1""}, {""nx"": 78, ""ny"": 126, ""baseDate"": ""20260602"", ""baseTime"": ""1530"", ""category"": ""T1H"", ""fcstDate"": ""20260602"", ""fcstTime"": ""1700"", ""fcstValue"": ""30""}, {""nx"": 78, ""ny"": 126, ""baseDate"": ""20260602"", ""baseTime"": ""1530"", ""category"": ""REH"", ""fcstDate"": ""20260602"", ""fcstTime"": ""1700"", ""fcstValue"": ""50""}, {""nx"": 78, ""ny"": 126, ""baseDate"": ""20260602"", ""baseTime"": ""1530"", ""category"": ""UUU"", ""fcstDate"": ""20260602"", ""fcstTime"": ""1700"", ""fcstValue"": ""1.3""}, {""nx"": 78, ""ny"": 126, ""baseDate"": ""20260602"", ""baseTime"": ""1530"", ""category"": ""VVV"", ""fcstDate"": ""20260602"", ""fcstTime"": ""1700"", ""fcstValue"": ""1.2""}, {""nx"": 78, ""ny"": 126, ""baseDate"": ""20260602"", ""baseTime"": ""1530"", ""category"": ""VEC"", ""fcstDate"": ""20260602"", ""fcstTime"": ""1700"", ""fcstValue"": ""227""}, {""nx"": 78, ""ny"": 126, ""baseDate"": ""20260602"", ""baseTime"": ""1530"", ""category"": ""WSD"", ""fcstDate"": ""20260602"", ""fcstTime"": ""1700"", ""fcstValue"": ""2""}]",2026-06-02 16:34:51,2026-06-02 16:34:51
1006110,2026-06-02 15:30:00,2026-06-02 18:00:00,78,126,29.0,0.0,0.0,0,KMA_ULTRA_FCST,"[{""nx"": 78, ""ny"": 126, ""baseDate"": ""20260602"", ""baseTime"": ""1530"", ""category"": ""LGT"", ""fcstDate"": ""20260602"", ""fcstTime"": ""1800"", ""fcstValue"": ""0""}, {""nx"": 78, ""ny"": 126, ""baseDate"": ""20260602"", ""baseTime"": ""1530"", ""category"": ""PTY"", ""fcstDate"": ""20260602"", ""fcstTime"": ""1800"", ""fcstValue"": ""0""}, {""nx"": 78, ""ny"": 126, ""baseDate"": ""20260602"", ""baseTime"": ""1530"", ""category"": ""RN1"", ""fcstDate"": ""20260602"", ""fcstTime"": ""1800"", ""fcstValue"": ""강수없음""}, {""nx"": 78, ""ny"": 126, ""baseDate"": ""20260602"", ""baseTime"": ""1530"", ""category"": ""SKY"", ""fcstDate"": ""20260602"", ""fcstTime"": ""1800"", ""fcstValue"": ""3""}, {""nx"": 78, ""ny"": 126, ""baseDate"": ""20260602"", ""baseTime"": ""1530"", ""category"": ""T1H"", ""fcstDate"": ""20260602"", ""fcstTime"": ""1800"", ""fcstValue"": ""29""}, {""nx"": 78, ""ny"": 126, ""baseDate"": ""20260602"", ""baseTime"": ""1530"", ""category"": ""REH"", ""fcstDate"": ""20260602"", ""fcstTime"": ""1800"", ""fcstValue"": ""50""}, {""nx"": 78, ""ny"": 126, ""baseDate"": ""20260602"", ""baseTime"": ""1530"", ""category"": ""UUU"", ""fcstDate"": ""20260602"", ""fcstTime"": ""1800"", ""fcstValue"": ""0.9""}, {""nx"": 78, ""ny"": 126, ""baseDate"": ""20260602"", ""baseTime"": ""1530"", ""category"": ""VVV"", ""fcstDate"": ""20260602"", ""fcstTime"": ""1800"", ""fcstValue"": ""1.5""}, {""nx"": 78, ""ny"": 126, ""baseDate"": ""20260602"", ""baseTime"": ""1530"", ""category"": ""VEC"", ""fcstDate"": ""20260602"", ""fcstTime"": ""1800"", ""fcstValue"": ""211""}, {""nx"": 78, ""ny"": 126, ""baseDate"": ""20260602"", ""baseTime"": ""1530"", ""category"": ""WSD"", ""fcstDate"": ""20260602"", ""fcstTime"": ""1800"", ""fcstValue"": ""2""}]",2026-06-02 16:34:51,2026-06-02 16:34:51
1006110,2026-06-02 15:30:00,2026-06-02 19:00:00,78,126,27.0,0.0,0.0,0,KMA_ULTRA_FCST,"[{""nx"": 78, ""ny"": 126, ""baseDate"": ""20260602"", ""baseTime"": ""1530"", ""category"": ""LGT"", ""fcstDate"": ""20260602"", ""fcstTime"": ""1900"", ""fcstValue"": ""0""}, {""nx"": 78, ""ny"": 126, ""baseDate"": ""20260602"", ""baseTime"": ""1530"", ""category"": ""PTY"", ""fcstDate"": ""20260602"", ""fcstTime"": ""1900"", ""fcstValue"": ""0""}, {""nx"": 78, ""ny"": 126, ""baseDate"": ""20260602"", ""baseTime"": ""1530"", ""category"": ""RN1"", ""fcstDate"": ""20260602"", ""fcstTime"": ""1900"", ""fcstValue"": ""강수없음""}, {""nx"": 78, ""ny"": 126, ""baseDate"": ""20260602"", ""baseTime"": ""1530"", ""category"": ""SKY"", ""fcstDate"": ""20260602"", ""fcstTime"": ""1900"", ""fcstValue"": ""3""}, {""nx"": 78, ""ny"": 126, ""baseDate"": ""20260602"", ""baseTime"": ""1530"", ""category"": ""T1H"", ""fcstDate"": ""20260602"", ""fcstTime"": ""1900"", ""fcstValue"": ""27""}, {""nx"": 78, ""ny"": 126, ""baseDate"": ""20260602"", ""baseTime"": ""1530"", ""category"": ""REH"", ""fcstDate"": ""20260602"", ""fcstTime"": ""1900"", ""fcstValue"": ""60""}, {""nx"": 78, ""ny"": 126, ""baseDate"": ""20260602"", ""baseTime"": ""1530"", ""category"": ""UUU"", ""fcstDate"": ""20260602"", ""fcstTime"": ""1900"", ""fcstValue"": ""0.4""}, {""nx"": 78, ""ny"": 126, ""baseDate"": ""20260602"", ""baseTime"": ""1530"", ""category"": ""VVV"", ""fcstDate"": ""20260602"", ""fcstTime"": ""1900"", ""fcstValue"": ""0.7""}, {""nx"": 78, ""ny"": 126, ""baseDate"": ""20260602"", ""baseTime"": ""1530"", ""category"": ""VEC"", ""fcstDate"": ""20260602"", ""fcstTime"": ""1900"", ""fcstValue"": ""210""}, {""nx"": 78, ""ny"": 126, ""baseDate"": ""20260602"", ""baseTime"": ""1530"", ""category"": ""WSD"", ""fcstDate"": ""20260602"", ""fcstTime"": ""1900"", ""fcstValue"": ""1""}]",2026-06-02 16:34:51,2026-06-02 16:34:51
1006110,2026-06-02 15:30:00,2026-06-02 20:00:00,78,126,24.0,0.0,0.0,0,KMA_ULTRA_FCST,"[{""nx"": 78, ""ny"": 126, ""baseDate"": ""20260602"", ""baseTime"": ""1530"", ""category"": ""LGT"", ""fcstDate"": ""20260602"", ""fcstTime"": ""2000"", ""fcstValue"": ""0""}, {""nx"": 78, ""ny"": 126, ""baseDate"": ""20260602"", ""baseTime"": ""1530"", ""category"": ""PTY"", ""fcstDate"": ""20260602"", ""fcstTime"": ""2000"", ""fcstValue"": ""0""}, {""nx"": 78, ""ny"": 126, ""baseDate"": ""20260602"", ""baseTime"": ""1530"", ""category"": ""RN1"", ""fcstDate"": ""20260602"", ""fcstTime"": ""2000"", ""fcstValue"": ""강수없음""}, {""nx"": 78, ""ny"": 126, ""baseDate"": ""20260602"", ""baseTime"": ""1530"", ""category"": ""SKY"", ""fcstDate"": ""20260602"", ""fcstTime"": ""2000"", ""fcstValue"": ""4""}, {""nx"": 78, ""ny"": 126, ""baseDate"": ""20260602"", ""baseTime"": ""1530"", ""category"": ""T1H"", ""fcstDate"": ""20260602"", ""fcstTime"": ""2000"", ""fcstValue"": ""24""}, {""nx"": 78, ""ny"": 126, ""baseDate"": ""20260602"", ""baseTime"": ""1530"", ""category"": ""REH"", ""fcstDate"": ""20260602"", ""fcstTime"": ""2000"", ""fcstValue"": ""65""}, {""nx"": 78, ""ny"": 126, ""baseDate"": ""20260602"", ""baseTime"": ""1530"", ""category"": ""UUU"", ""fcstDate"": ""20260602"", ""fcstTime"": ""2000"", ""fcstValue"": ""0""}, {""nx"": 78, ""ny"": 126, ""baseDate"": ""20260602"", ""baseTime"": ""1530"", ""category"": ""VVV"", ""fcstDate"": ""20260602"", ""fcstTime"": ""2000"", ""fcstValue"": ""0""}, {""nx"": 78, ""ny"": 126, ""baseDate"": ""20260602"", ""baseTime"": ""1530"", ""category"": ""VEC"", ""fcstDate"": ""20260602"", ""fcstTime"": ""2000"", ""fcstValue"": ""90""}, {""nx"": 78, ""ny"": 126, ""baseDate"": ""20260602"", ""baseTime"": ""1530"", ""category"": ""WSD"", ""fcstDate"": ""20260602"", ""fcstTime"": ""2000"", ""fcstValue"": ""0.1""}]",2026-06-02 16:34:51,2026-06-02 16:34:51
1006110,2026-06-02 15:30:00,2026-06-02 21:00:00,78,126,22.0,0.0,0.0,0,KMA_ULTRA_FCST,"[{""nx"": 78, ""ny"": 126, ""baseDate"": ""20260602"", ""baseTime"": ""1530"", ""category"": ""LGT"", ""fcstDate"": ""20260602"", ""fcstTime"": ""2100"", ""fcstValue"": ""0""}, {""nx"": 78, ""ny"": 126, ""baseDate"": ""20260602"", ""baseTime"": ""1530"", ""category"": ""PTY"", ""fcstDate"": ""20260602"", ""fcstTime"": ""2100"", ""fcstValue"": ""0""}, {""nx"": 78, ""ny"": 126, ""baseDate"": ""20260602"", ""baseTime"": ""1530"", ""category"": ""RN1"", ""fcstDate"": ""20260602"", ""fcstTime"": ""2100"", ""fcstValue"": ""강수없음""}, {""nx"": 78, ""ny"": 126, ""baseDate"": ""20260602"", ""baseTime"": ""1530"", ""category"": ""SKY"", ""fcstDate"": ""20260602"", ""fcstTime"": ""2100"", ""fcstValue"": ""3""}, {""nx"": 78, ""ny"": 126, ""baseDate"": ""20260602"", ""baseTime"": ""1530"", ""category"": ""T1H"", ""fcstDate"": ""20260602"", ""fcstTime"": ""2100"", ""fcstValue"": ""22""}, {""nx"": 78, ""ny"": 126, ""baseDate"": ""20260602"", ""baseTime"": ""1530"", ""category"": ""REH"", ""fcstDate"": ""20260602"", ""fcstTime"": ""2100"", ""fcstValue"": ""70""}, {""nx"": 78, ""ny"": 126, ""baseDate"": ""20260602"", ""baseTime"": ""1530"", ""category"": ""UUU"", ""fcstDate"": ""20260602"", ""fcstTime"": ""2100"", ""fcstValue"": ""-0.6""}, {""nx"": 78, ""ny"": 126, ""baseDate"": ""20260602"", ""baseTime"": ""1530"", ""category"": ""VVV"", ""fcstDate"": ""20260602"", ""fcstTime"": ""2100"", ""fcstValue"": ""0""}, {""nx"": 78, ""ny"": 126, ""baseDate"": ""20260602"", ""baseTime"": ""1530"", ""category"": ""VEC"", ""fcstDate"": ""20260602"", ""fcstTime"": ""2100"", ""fcstValue"": ""90""}, {""nx"": 78, ""ny"": 126, ""baseDate"": ""20260602"", ""baseTime"": ""1530"", ""category"": ""WSD"", ""fcstDate"": ""20260602"", ""fcstTime"": ""2100"", ""fcstValue"": ""1""}]",2026-06-02 16:34:51,2026-06-02 16:34:51
1012110,2026-06-02 15:30:00,2026-06-02 16:00:00,74,135,32.0,0.0,0.0,0,KMA_ULTRA_FCST,"[{""nx"": 74, ""ny"": 135, ""baseDate"": ""20260602"", ""baseTime"": ""1530"", ""category"": ""LGT"", ""fcstDate"": ""20260602"", ""fcstTime"": ""1600"", ""fcstValue"": ""0""}, {""nx"": 74, ""ny"": 135, ""baseDate"": ""20260602"", ""baseTime"": ""1530"", ""category"": ""PTY"", ""fcstDate"": ""20260602"", ""fcstTime"": ""1600"", ""fcstValue"": ""0""}, {""nx"": 74, ""ny"": 135, ""baseDate"": ""20260602"", ""baseTime"": ""1530"", ""category"": ""RN1"", ""fcstDate"": ""20260602"", ""fcstTime"": ""1600"", ""fcstValue"": ""강수없음""}, {""nx"": 74, ""ny"": 135, ""baseDate"": ""20260602"", ""baseTime"": ""1530"", ""category"": ""SKY"", ""fcstDate"": ""20260602"", ""fcstTime"": ""1600"", ""fcstValue"": ""1""}, {""nx"": 74, ""ny"": 135, ""baseDate"": ""20260602"", ""baseTime"": ""1530"", ""category"": ""T1H"", ""fcstDate"": ""20260602"", ""fcstTime"": ""1600"", ""fcstValue"": ""32""}, {""nx"": 74, ""ny"": 135, ""baseDate"": ""20260602"", ""baseTime"": ""1530"", ""category"": ""REH"", ""fcstDate"": ""20260602"", ""fcstTime"": ""1600"", ""fcstValue"": ""30""}, {""nx"": 74, ""ny"": 135, ""baseDate"": ""20260602"", ""baseTime"": ""1530"", ""category"": ""UUU"", ""fcstDate"": ""20260602"", ""fcstTime"": ""1600"", ""fcstValue"": ""1.6""}, {""nx"": 74, ""ny"": 135, ""baseDate"": ""20260602"", ""baseTime"": ""1530"", ""category"": ""VVV"", ""fcstDate"": ""20260602"", ""fcstTime"": ""1600"", ""fcstValue"": ""-0.1""}, {""nx"": 74, ""ny"": 135, ""baseDate"": ""20260602"", ""baseTime"": ""1530"", ""category"": ""VEC"", ""fcstDate"": ""20260602"", ""fcstTime"": ""1600"", ""fcstValue"": ""277""}, {""nx"": 74, ""ny"": 135, ""baseDate"": ""20260602"", ""baseTime"": ""1530"", ""category"": ""WSD"", ""fcstDate"": ""20260602"", ""fcstTime"": ""1600"", ""fcstValue"": ""2""}]",2026-06-02 16:34:53,2026-06-02 16:34:53
1012110,2026-06-02 15:30:00,2026-06-02 17:00:00,74,135,32.0,0.0,0.0,0,KMA_ULTRA_FCST,"[{""nx"": 74, ""ny"": 135, ""baseDate"": ""20260602"", ""baseTime"": ""1530"", ""category"": ""LGT"", ""fcstDate"": ""20260602"", ""fcstTime"": ""1700"", ""fcstValue"": ""0""}, {""nx"": 74, ""ny"": 135, ""baseDate"": ""20260602"", ""baseTime"": ""1530"", ""category"": ""PTY"", ""fcstDate"": ""20260602"", ""fcstTime"": ""1700"", ""fcstValue"": ""0""}, {""nx"": 74, ""ny"": 135, ""baseDate"": ""20260602"", ""baseTime"": ""1530"", ""category"": ""RN1"", ""fcstDate"": ""20260602"", ""fcstTime"": ""1700"", ""fcstValue"": ""강수없음""}, {""nx"": 74, ""ny"": 135, ""baseDate"": ""20260602"", ""baseTime"": ""1530"", ""category"": ""SKY"", ""fcstDate"": ""20260602"", ""fcstTime"": ""1700"", ""fcstValue"": ""1""}, {""nx"": 74, ""ny"": 135, ""baseDate"": ""20260602"", ""baseTime"": ""1530"", ""category"": ""T1H"", ""fcstDate"": ""20260602"", ""fcstTime"": ""1700"", ""fcstValue"": ""32""}, {""nx"": 74, ""ny"": 135, ""baseDate"": ""20260602"", ""baseTime"": ""1530"", ""category"": ""REH"", ""fcstDate"": ""20260602"", ""fcstTime"": ""1700"", ""fcstValue"": ""30""}, {""nx"": 74, ""ny"": 135, ""baseDate"": ""20260602"", ""baseTime"": ""1530"", ""category"": ""UUU"", ""fcstDate"": ""20260602"", ""fcstTime"": ""1700"", ""fcstValue"": ""1.6""}, {""nx"": 74, ""ny"": 135, ""baseDate"": ""20260602"", ""baseTime"": ""1530"", ""category"": ""VVV"", ""fcstDate"": ""20260602"", ""fcstTime"": ""1700"", ""fcstValue"": ""-0.1""}, {""nx"": 74, ""ny"": 135, ""baseDate"": ""20260602"", ""baseTime"": ""1530"", ""category"": ""VEC"", ""fcstDate"": ""20260602"", ""fcstTime"": ""1700"", ""fcstValue"": ""277""}, {""nx"": 74, ""ny"": 135, ""baseDate"": ""20260602"", ""baseTime"": ""1530"", ""category"": ""WSD"", ""fcstDate"": ""20260602"", ""fcstTime"": ""1700"", ""fcstValue"": ""2""}]",2026-06-02 16:34:53,2026-06-02 16:34:53
1012110,2026-06-02 15:30:00,2026-06-02 18:00:00,74,135,31.0,0.0,0.0,0,KMA_ULTRA_FCST,"[{""nx"": 74, ""ny"": 135, ""baseDate"": ""20260602"", ""baseTime"": ""1530"", ""category"": ""LGT"", ""fcstDate"": ""20260602"", ""fcstTime"": ""1800"", ""fcstValue"": ""0""}, {""nx"": 74, ""ny"": 135, ""baseDate"": ""20260602"", ""baseTime"": ""1530"", ""category"": ""PTY"", ""fcstDate"": ""20260602"", ""fcstTime"": ""1800"", ""fcstValue"": ""0""}, {""nx"": 74, ""ny"": 135, ""baseDate"": ""20260602"", ""baseTime"": ""1530"", ""category"": ""RN1"", ""fcstDate"": ""20260602"", ""fcstTime"": ""1800"", ""fcstValue"": ""강수없음""}, {""nx"": 74, ""ny"": 135, ""baseDate"": ""20260602"", ""baseTime"": ""1530"", ""category"": ""SKY"", ""fcstDate"": ""20260602"", ""fcstTime"": ""1800"", ""fcstValue"": ""1""}, {""nx"": 74, ""ny"": 135, ""baseDate"": ""20260602"", ""baseTime"": ""1530"", ""category"": ""T1H"", ""fcstDate"": ""20260602"", ""fcstTime"": ""1800"", ""fcstValue"": ""31""}, {""nx"": 74, ""ny"": 135, ""baseDate"": ""20260602"", ""baseTime"": ""1530"", ""category"": ""REH"", ""fcstDate"": ""20260602"", ""fcstTime"": ""1800"", ""fcstValue"": ""40""}, {""nx"": 74, ""ny"": 135, ""baseDate"": ""20260602"", ""baseTime"": ""1530"", ""category"": ""UUU"", ""fcstDate"": ""20260602"", ""fcstTime"": ""1800"", ""fcstValue"": ""0.5""}, {""nx"": 74, ""ny"": 135, ""baseDate"": ""20260602"", ""baseTime"": ""1530"", ""category"": ""VVV"", ""fcstDate"": ""20260602"", ""fcstTime"": ""1800"", ""fcstValue"": ""0.4""}, {""nx"": 74, ""ny"": 135, ""baseDate"": ""20260602"", ""baseTime"": ""1530"", ""category"": ""VEC"", ""fcstDate"": ""20260602"", ""fcstTime"": ""1800"", ""fcstValue"": ""231""}, {""nx"": 74, ""ny"": 135, ""baseDate"": ""20260602"", ""baseTime"": ""1530"", ""category"": ""WSD"", ""fcstDate"": ""20260602"", ""fcstTime"": ""1800"", ""fcstValue"": ""1""}]",2026-06-02 16:34:53,2026-06-02 16:34:53
1012110,2026-06-02 15:30:00,2026-06-02 19:00:00,74,135,28.0,0.0,0.0,0,KMA_ULTRA_FCST,"[{""nx"": 74, ""ny"": 135, ""baseDate"": ""20260602"", ""baseTime"": ""1530"", ""category"": ""LGT"", ""fcstDate"": ""20260602"", ""fcstTime"": ""1900"", ""fcstValue"": ""0""}, {""nx"": 74, ""ny"": 135, ""baseDate"": ""20260602"", ""baseTime"": ""1530"", ""category"": ""PTY"", ""fcstDate"": ""20260602"", ""fcstTime"": ""1900"", ""fcstValue"": ""0""}, {""nx"": 74, ""ny"": 135, ""baseDate"": ""20260602"", ""baseTime"": ""1530"", ""category"": ""RN1"", ""fcstDate"": ""20260602"", ""fcstTime"": ""1900"", ""fcstValue"": ""강수없음""}, {""nx"": 74, ""ny"": 135, ""baseDate"": ""20260602"", ""baseTime"": ""1530"", ""category"": ""SKY"", ""fcstDate"": ""20260602"", ""fcstTime"": ""1900"", ""fcstValue"": ""1""}, {""nx"": 74, ""ny"": 135, ""baseDate"": ""20260602"", ""baseTime"": ""1530"", ""category"": ""T1H"", ""fcstDate"": ""20260602"", ""fcstTime"": ""1900"", ""fcstValue"": ""28""}, {""nx"": 74, ""ny"": 135, ""baseDate"": ""20260602"", ""baseTime"": ""1530"", ""category"": ""REH"", ""fcstDate"": ""20260602"", ""fcstTime"": ""1900"", ""fcstValue"": ""55""}, {""nx"": 74, ""ny"": 135, ""baseDate"": ""20260602"", ""baseTime"": ""1530"", ""category"": ""UUU"", ""fcstDate"": ""20260602"", ""fcstTime"": ""1900"", ""fcstValue"": ""0.2""}, {""nx"": 74, ""ny"": 135, ""baseDate"": ""20260602"", ""baseTime"": ""1530"", ""category"": ""VVV"", ""fcstDate"": ""20260602"", ""fcstTime"": ""1900"", ""fcstValue"": ""0.8""}, {""nx"": 74, ""ny"": 135, ""baseDate"": ""20260602"", ""baseTime"": ""1530"", ""category"": ""VEC"", ""fcstDate"": ""20260602"", ""fcstTime"": ""1900"", ""fcstValue"": ""194""}, {""nx"": 74, ""ny"": 135, ""baseDate"": ""20260602"", ""baseTime"": ""1530"", ""category"": ""WSD"", ""fcstDate"": ""20260602"", ""fcstTime"": ""1900"", ""fcstValue"": ""1""}]",2026-06-02 16:34:53,2026-06-02 16:34:53
1012110,2026-06-02 15:30:00,2026-06-02 20:00:00,74,135,25.0,0.0,0.0,0,KMA_ULTRA_FCST,"[{""nx"": 74, ""ny"": 135, ""baseDate"": ""20260602"", ""baseTime"": ""1530"", ""category"": ""LGT"", ""fcstDate"": ""20260602"", ""fcstTime"": ""2000"", ""fcstValue"": ""0""}, {""nx"": 74, ""ny"": 135, ""baseDate"": ""20260602"", ""baseTime"": ""1530"", ""category"": ""PTY"", ""fcstDate"": ""20260602"", ""fcstTime"": ""2000"", ""fcstValue"": ""0""}, {""nx"": 74, ""ny"": 135, ""baseDate"": ""20260602"", ""baseTime"": ""1530"", ""category"": ""RN1"", ""fcstDate"": ""20260602"", ""fcstTime"": ""2000"", ""fcstValue"": ""강수없음""}, {""nx"": 74, ""ny"": 135, ""baseDate"": ""20260602"", ""baseTime"": ""1530"", ""category"": ""SKY"", ""fcstDate"": ""20260602"", ""fcstTime"": ""2000"", ""fcstValue"": ""1""}, {""nx"": 74, ""ny"": 135, ""baseDate"": ""20260602"", ""baseTime"": ""1530"", ""category"": ""T1H"", ""fcstDate"": ""20260602"", ""fcstTime"": ""2000"", ""fcstValue"": ""25""}, {""nx"": 74, ""ny"": 135, ""baseDate"": ""20260602"", ""baseTime"": ""1530"", ""category"": ""REH"", ""fcstDate"": ""20260602"", ""fcstTime"": ""2000"", ""fcstValue"": ""65""}, {""nx"": 74, ""ny"": 135, ""baseDate"": ""20260602"", ""baseTime"": ""1530"", ""category"": ""UUU"", ""fcstDate"": ""20260602"", ""fcstTime"": ""2000"", ""fcstValue"": ""0""}, {""nx"": 74, ""ny"": 135, ""baseDate"": ""20260602"", ""baseTime"": ""1530"", ""category"": ""VVV"", ""fcstDate"": ""20260602"", ""fcstTime"": ""2000"", ""fcstValue"": ""0.7""}, {""nx"": 74, ""ny"": 135, ""baseDate"": ""20260602"", ""baseTime"": ""1530"", ""category"": ""VEC"", ""fcstDate"": ""20260602"", ""fcstTime"": ""2000"", ""fcstValue"": ""180""}, {""nx"": 74, ""ny"": 135, ""baseDate"": ""20260602"", ""baseTime"": ""1530"", ""category"": ""WSD"", ""fcstDate"": ""20260602"", ""fcstTime"": ""2000"", ""fcstValue"": ""1""}]",2026-06-02 16:34:53,2026-06-02 16:34:53
1012110,2026-06-02 15:30:00,2026-06-02 21:00:00,74,135,23.0,0.0,0.0,0,KMA_ULTRA_FCST,"[{""nx"": 74, ""ny"": 135, ""baseDate"": ""20260602"", ""baseTime"": ""1530"", ""category"": ""LGT"", ""fcstDate"": ""20260602"", ""fcstTime"": ""2100"", ""fcstValue"": ""0""}, {""nx"": 74, ""ny"": 135, ""baseDate"": ""20260602"", ""baseTime"": ""1530"", ""category"": ""PTY"", ""fcstDate"": ""20260602"", ""fcstTime"": ""2100"", ""fcstValue"": ""0""}, {""nx"": 74, ""ny"": 135, ""baseDate"": ""20260602"", ""baseTime"": ""1530"", ""category"": ""RN1"", ""fcstDate"": ""20260602"", ""fcstTime"": ""2100"", ""fcstValue"": ""강수없음""}, {""nx"": 74, ""ny"": 135, ""baseDate"": ""20260602"", ""baseTime"": ""1530"", ""category"": ""SKY"", ""fcstDate"": ""20260602"", ""fcstTime"": ""2100"", ""fcstValue"": ""1""}, {""nx"": 74, ""ny"": 135, ""baseDate"": ""20260602"", ""baseTime"": ""1530"", ""category"": ""T1H"", ""fcstDate"": ""20260602"", ""fcstTime"": ""2100"", ""fcstValue"": ""23""}, {""nx"": 74, ""ny"": 135, ""baseDate"": ""20260602"", ""baseTime"": ""1530"", ""category"": ""REH"", ""fcstDate"": ""20260602"", ""fcstTime"": ""2100"", ""fcstValue"": ""75""}, {""nx"": 74, ""ny"": 135, ""baseDate"": ""20260602"", ""baseTime"": ""1530"", ""category"": ""UUU"", ""fcstDate"": ""20260602"", ""fcstTime"": ""2100"", ""fcstValue"": ""0.1""}, {""nx"": 74, ""ny"": 135, ""baseDate"": ""20260602"", ""baseTime"": ""1530"", ""category"": ""VVV"", ""fcstDate"": ""20260602"", ""fcstTime"": ""2100"", ""fcstValue"": ""0""}, {""nx"": 74, ""ny"": 135, ""baseDate"": ""20260602"", ""baseTime"": ""1530"", ""category"": ""VEC"", ""fcstDate"": ""20260602"", ""fcstTime"": ""2100"", ""fcstValue"": ""270""}, {""nx"": 74, ""ny"": 135, ""baseDate"": ""20260602"", ""baseTime"": ""1530"", ""category"": ""WSD"", ""fcstDate"": ""20260602"", ""fcstTime"": ""2100"", ""fcstValue"": ""0.1""}]",2026-06-02 16:34:53,2026-06-02 16:34:53
2001110,2026-06-02 15:30:00,2026-06-02 16:00:00,91,106,25.0,0.0,0.0,0,KMA_ULTRA_FCST,"[{""nx"": 91, ""ny"": 106, ""baseDate"": ""20260602"", ""baseTime"": ""1530"", ""category"": ""LGT"", ""fcstDate"": ""20260602"", ""fcstTime"": ""1600"", ""fcstValue"": ""0""}, {""nx"": 91, ""ny"": 106, ""baseDate"": ""20260602"", ""baseTime"": ""1530"", ""category"": ""PTY"", ""fcstDate"": ""20260602"", ""fcstTime"": ""1600"", ""fcstValue"": ""0""}, {""nx"": 91, ""ny"": 106, ""baseDate"": ""20260602"", ""baseTime"": ""1530"", ""category"": ""RN1"", ""fcstDate"": ""20260602"", ""fcstTime"": ""1600"", ""fcstValue"": ""강수없음""}, {""nx"": 91, ""ny"": 106, ""baseDate"": ""20260602"", ""baseTime"": ""1530"", ""category"": ""SKY"", ""fcstDate"": ""20260602"", ""fcstTime"": ""1600"", ""fcstValue"": ""3""}, {""nx"": 91, ""ny"": 106, ""baseDate"": ""20260602"", ""baseTime"": ""1530"", ""category"": ""T1H"", ""fcstDate"": ""20260602"", ""fcstTime"": ""1600"", ""fcstValue"": ""25""}, {""nx"": 91, ""ny"": 106, ""baseDate"": ""20260602"", ""baseTime"": ""1530"", ""category"": ""REH"", ""fcstDate"": ""20260602"", ""fcstTime"": ""1600"", ""fcstValue"": ""60""}, {""nx"": 91, ""ny"": 106, ""baseDate"": ""20260602"", ""baseTime"": ""1530"", ""category"": ""UUU"", ""fcstDate"": ""20260602"", ""fcstTime"": ""1600"", ""fcstValue"": ""-1.2""}, {""nx"": 91, ""ny"": 106, ""baseDate"": ""20260602"", ""baseTime"": ""1530"", ""category"": ""VVV"", ""fcstDate"": ""20260602"", ""fcstTime"": ""1600"", ""fcstValue"": ""1.9""}, {""nx"": 91, ""ny"": 106, ""baseDate"": ""20260602"", ""baseTime"": ""1530"", ""category"": ""VEC"", ""fcstDate"": ""20260602"", ""fcstTime"": ""1600"", ""fcstValue"": ""146""}, {""nx"": 91, ""ny"": 106, ""baseDate"": ""20260602"", ""baseTime"": ""1530"", ""category"": ""WSD"", ""fcstDate"": ""20260602"", ""fcstTime"": ""1600"", ""fcstValue"": ""2""}]",2026-06-02 16:34:54,2026-06-02 16:34:54
2001110,2026-06-02 15:30:00,2026-06-02 17:00:00,91,106,24.0,0.0,0.0,0,KMA_ULTRA_FCST,"[{""nx"": 91, ""ny"": 106, ""baseDate"": ""20260602"", ""baseTime"": ""1530"", ""category"": ""LGT"", ""fcstDate"": ""20260602"", ""fcstTime"": ""1700"", ""fcstValue"": ""0""}, {""nx"": 91, ""ny"": 106, ""baseDate"": ""20260602"", ""baseTime"": ""1530"", ""category"": ""PTY"", ""fcstDate"": ""20260602"", ""fcstTime"": ""1700"", ""fcstValue"": ""0""}, {""nx"": 91, ""ny"": 106, ""baseDate"": ""20260602"", ""baseTime"": ""1530"", ""category"": ""RN1"", ""fcstDate"": ""20260602"", ""fcstTime"": ""1700"", ""fcstValue"": ""강수없음""}, {""nx"": 91, ""ny"": 106, ""baseDate"": ""20260602"", ""baseTime"": ""1530"", ""category"": ""SKY"", ""fcstDate"": ""20260602"", ""fcstTime"": ""1700"", ""fcstValue"": ""4""}, {""nx"": 91, ""ny"": 106, ""baseDate"": ""20260602"", ""baseTime"": ""1530"", ""category"": ""T1H"", ""fcstDate"": ""20260602"", ""fcstTime"": ""1700"", ""fcstValue"": ""24""}, {""nx"": 91, ""ny"": 106, ""baseDate"": ""20260602"", ""baseTime"": ""1530"", ""category"": ""REH"", ""fcstDate"": ""20260602"", ""fcstTime"": ""1700"", ""fcstValue"": ""60""}, {""nx"": 91, ""ny"": 106, ""baseDate"": ""20260602"", ""baseTime"": ""1530"", ""category"": ""UUU"", ""fcstDate"": ""20260602"", ""fcstTime"": ""1700"", ""fcstValue"": ""-1.3""}, {""nx"": 91, ""ny"": 106, ""baseDate"": ""20260602"", ""baseTime"": ""1530"", ""category"": ""VVV"", ""fcstDate"": ""20260602"", ""fcstTime"": ""1700"", ""fcstValue"": ""1.5""}, {""nx"": 91, ""ny"": 106, ""baseDate"": ""20260602"", ""baseTime"": ""1530"", ""category"": ""VEC"", ""fcstDate"": ""20260602"", ""fcstTime"": ""1700"", ""fcstValue"": ""137""}, {""nx"": 91, ""ny"": 106, ""baseDate"": ""20260602"", ""baseTime"": ""1530"", ""category"": ""WSD"", ""fcstDate"": ""20260602"", ""fcstTime"": ""1700"", ""fcstValue"": ""2""}]",2026-06-02 16:34:54,2026-06-02 16:34:54
2001110,2026-06-02 15:30:00,2026-06-02 18:00:00,91,106,25.0,0.0,0.0,0,KMA_ULTRA_FCST,"[{""nx"": 91, ""ny"": 106, ""baseDate"": ""20260602"", ""baseTime"": ""1530"", ""category"": ""LGT"", ""fcstDate"": ""20260602"", ""fcstTime"": ""1800"", ""fcstValue"": ""0""}, {""nx"": 91, ""ny"": 106, ""baseDate"": ""20260602"", ""baseTime"": ""1530"", ""category"": ""PTY"", ""fcstDate"": ""20260602"", ""fcstTime"": ""1800"", ""fcstValue"": ""0""}, {""nx"": 91, ""ny"": 106, ""baseDate"": ""20260602"", ""baseTime"": ""1530"", ""category"": ""RN1"", ""fcstDate"": ""20260602"", ""fcstTime"": ""1800"", ""fcstValue"": ""강수없음""}, {""nx"": 91, ""ny"": 106, ""baseDate"": ""20260602"", ""baseTime"": ""1530"", ""category"": ""SKY"", ""fcstDate"": ""20260602"", ""fcstTime"": ""1800"", ""fcstValue"": ""3""}, {""nx"": 91, ""ny"": 106, ""baseDate"": ""20260602"", ""baseTime"": ""1530"", ""category"": ""T1H"", ""fcstDate"": ""20260602"", ""fcstTime"": ""1800"", ""fcstValue"": ""25""}, {""nx"": 91, ""ny"": 106, ""baseDate"": ""20260602"", ""baseTime"": ""1530"", ""category"": ""REH"", ""fcstDate"": ""20260602"", ""fcstTime"": ""1800"", ""fcstValue"": ""60""}, {""nx"": 91, ""ny"": 106, ""baseDate"": ""20260602"", ""baseTime"": ""1530"", ""category"": ""UUU"", ""fcstDate"": ""20260602"", ""fcstTime"": ""1800"", ""fcstValue"": ""-0.2""}, {""nx"": 91, ""ny"": 106, ""baseDate"": ""20260602"", ""baseTime"": ""1530"", ""category"": ""VVV"", ""fcstDate"": ""20260602"", ""fcstTime"": ""1800"", ""fcstValue"": ""0.9""}, {""nx"": 91, ""ny"": 106, ""baseDate"": ""20260602"", ""baseTime"": ""1530"", ""category"": ""VEC"", ""fcstDate"": ""20260602"", ""fcstTime"": ""1800"", ""fcstValue"": ""162""}, {""nx"": 91, ""ny"": 106, ""baseDate"": ""20260602"", ""baseTime"": ""1530"", ""category"": ""WSD"", ""fcstDate"": ""20260602"", ""fcstTime"": ""1800"", ""fcstValue"": ""1""}]",2026-06-02 16:34:54,2026-06-02 16:34:54
2001110,2026-06-02 15:30:00,2026-06-02 19:00:00,91,106,25.0,0.0,0.0,0,KMA_ULTRA_FCST,"[{""nx"": 91, ""ny"": 106, ""baseDate"": ""20260602"", ""baseTime"": ""1530"", ""category"": ""LGT"", ""fcstDate"": ""20260602"", ""fcstTime"": ""1900"", ""fcstValue"": ""0""}, {""nx"": 91, ""ny"": 106, ""baseDate"": ""20260602"", ""baseTime"": ""1530"", ""category"": ""PTY"", ""fcstDate"": ""20260602"", ""fcstTime"": ""1900"", ""fcstValue"": ""0""}, {""nx"": 91, ""ny"": 106, ""baseDate"": ""20260602"", ""baseTime"": ""1530"", ""category"": ""RN1"", ""fcstDate"": ""20260602"", ""fcstTime"": ""1900"", ""fcstValue"": ""강수없음""}, {""nx"": 91, ""ny"": 106, ""baseDate"": ""20260602"", ""baseTime"": ""1530"", ""category"": ""SKY"", ""fcstDate"": ""20260602"", ""fcstTime"": ""1900"", ""fcstValue"": ""3""}, {""nx"": 91, ""ny"": 106, ""baseDate"": ""20260602"", ""baseTime"": ""1530"", ""category"": ""T1H"", ""fcstDate"": ""20260602"", ""fcstTime"": ""1900"", ""fcstValue"": ""25""}, {""nx"": 91, ""ny"": 106, ""baseDate"": ""20260602"", ""baseTime"": ""1530"", ""category"": ""REH"", ""fcstDate"": ""20260602"", ""fcstTime"": ""1900"", ""fcstValue"": ""60""}, {""nx"": 91, ""ny"": 106, ""baseDate"": ""20260602"", ""baseTime"": ""1530"", ""category"": ""UUU"", ""fcstDate"": ""20260602"", ""fcstTime"": ""1900"", ""fcstValue"": ""0""}, {""nx"": 91, ""ny"": 106, ""baseDate"": ""20260602"", ""baseTime"": ""1530"", ""category"": ""VVV"", ""fcstDate"": ""20260602"", ""fcstTime"": ""1900"", ""fcstValue"": ""-0.3""}, {""nx"": 91, ""ny"": 106, ""baseDate"": ""20260602"", ""baseTime"": ""1530"", ""category"": ""VEC"", ""fcstDate"": ""20260602"", ""fcstTime"": ""1900"", ""fcstValue"": ""14""}, {""nx"": 91, ""ny"": 106, ""baseDate"": ""20260602"", ""baseTime"": ""1530"", ""category"": ""WSD"", ""fcstDate"": ""20260602"", ""fcstTime"": ""1900"", ""fcstValue"": ""0.1""}]",2026-06-02 16:34:54,2026-06-02 16:34:54
2001110,2026-06-02 15:30:00,2026-06-02 20:00:00,91,106,23.0,0.0,0.0,0,KMA_ULTRA_FCST,"[{""nx"": 91, ""ny"": 106, ""baseDate"": ""20260602"", ""baseTime"": ""1530"", ""category"": ""LGT"", ""fcstDate"": ""20260602"", ""fcstTime"": ""2000"", ""fcstValue"": ""0""}, {""nx"": 91, ""ny"": 106, ""baseDate"": ""20260602"", ""baseTime"": ""1530"", ""category"": ""PTY"", ""fcstDate"": ""20260602"", ""fcstTime"": ""2000"", ""fcstValue"": ""0""}, {""nx"": 91, ""ny"": 106, ""baseDate"": ""20260602"", ""baseTime"": ""1530"", ""category"": ""RN1"", ""fcstDate"": ""20260602"", ""fcstTime"": ""2000"", ""fcstValue"": ""강수없음""}, {""nx"": 91, ""ny"": 106, ""baseDate"": ""20260602"", ""baseTime"": ""1530"", ""category"": ""SKY"", ""fcstDate"": ""20260602"", ""fcstTime"": ""2000"", ""fcstValue"": ""3""}, {""nx"": 91, ""ny"": 106, ""baseDate"": ""20260602"", ""baseTime"": ""1530"", ""category"": ""T1H"", ""fcstDate"": ""20260602"", ""fcstTime"": ""2000"", ""fcstValue"": ""23""}, {""nx"": 91, ""ny"": 106, ""baseDate"": ""20260602"", ""baseTime"": ""1530"", ""category"": ""REH"", ""fcstDate"": ""20260602"", ""fcstTime"": ""2000"", ""fcstValue"": ""70""}, {""nx"": 91, ""ny"": 106, ""baseDate"": ""20260602"", ""baseTime"": ""1530"", ""category"": ""UUU"", ""fcstDate"": ""20260602"", ""fcstTime"": ""2000"", ""fcstValue"": ""0""}, {""nx"": 91, ""ny"": 106, ""baseDate"": ""20260602"", ""baseTime"": ""1530"", ""category"": ""VVV"", ""fcstDate"": ""20260602"", ""fcstTime"": ""2000"", ""fcstValue"": ""-0.8""}, {""nx"": 91, ""ny"": 106, ""baseDate"": ""20260602"", ""baseTime"": ""1530"", ""category"": ""VEC"", ""fcstDate"": ""20260602"", ""fcstTime"": ""2000"", ""fcstValue"": ""0""}, {""nx"": 91, ""ny"": 106, ""baseDate"": ""20260602"", ""baseTime"": ""1530"", ""category"": ""WSD"", ""fcstDate"": ""20260602"", ""fcstTime"": ""2000"", ""fcstValue"": ""1""}]",2026-06-02 16:34:54,2026-06-02 16:34:54
2001110,2026-06-02 15:30:00,2026-06-02 21:00:00,91,106,21.0,0.0,0.0,0,KMA_ULTRA_FCST,"[{""nx"": 91, ""ny"": 106, ""baseDate"": ""20260602"", ""baseTime"": ""1530"", ""category"": ""LGT"", ""fcstDate"": ""20260602"", ""fcstTime"": ""2100"", ""fcstValue"": ""0""}, {""nx"": 91, ""ny"": 106, ""baseDate"": ""20260602"", ""baseTime"": ""1530"", ""category"": ""PTY"", ""fcstDate"": ""20260602"", ""fcstTime"": ""2100"", ""fcstValue"": ""0""}, {""nx"": 91, ""ny"": 106, ""baseDate"": ""20260602"", ""baseTime"": ""1530"", ""category"": ""RN1"", ""fcstDate"": ""20260602"", ""fcstTime"": ""2100"", ""fcstValue"": ""강수없음""}, {""nx"": 91, ""ny"": 106, ""baseDate"": ""20260602"", ""baseTime"": ""1530"", ""category"": ""SKY"", ""fcstDate"": ""20260602"", ""fcstTime"": ""2100"", ""fcstValue"": ""1""}, {""nx"": 91, ""ny"": 106, ""baseDate"": ""20260602"", ""baseTime"": ""1530"", ""category"": ""T1H"", ""fcstDate"": ""20260602"", ""fcstTime"": ""2100"", ""fcstValue"": ""21""}, {""nx"": 91, ""ny"": 106, ""baseDate"": ""20260602"", ""baseTime"": ""1530"", ""category"": ""REH"", ""fcstDate"": ""20260602"", ""fcstTime"": ""2100"", ""fcstValue"": ""80""}, {""nx"": 91, ""ny"": 106, ""baseDate"": ""20260602"", ""baseTime"": ""1530"", ""category"": ""UUU"", ""fcstDate"": ""20260602"", ""fcstTime"": ""2100"", ""fcstValue"": ""0""}, {""nx"": 91, ""ny"": 106, ""baseDate"": ""20260602"", ""baseTime"": ""1530"", ""category"": ""VVV"", ""fcstDate"": ""20260602"", ""fcstTime"": ""2100"", ""fcstValue"": ""0""}, {""nx"": 91, ""ny"": 106, ""baseDate"": ""20260602"", ""baseTime"": ""1530"", ""category"": ""VEC"", ""fcstDate"": ""20260602"", ""fcstTime"": ""2100"", ""fcstValue"": ""270""}, {""nx"": 91, ""ny"": 106, ""baseDate"": ""20260602"", ""baseTime"": ""1530"", ""category"": ""WSD"", ""fcstDate"": ""20260602"", ""fcstTime"": ""2100"", ""fcstValue"": ""0.1""}]",2026-06-02 16:34:54,2026-06-02 16:34:54
2002110,2026-06-02 15:30:00,2026-06-02 16:00:00,93,105,25.0,0.0,0.0,0,KMA_ULTRA_FCST,"[{""nx"": 93, ""ny"": 105, ""baseDate"": ""20260602"", ""baseTime"": ""1530"", ""category"": ""LGT"", ""fcstDate"": ""20260602"", ""fcstTime"": ""1600"", ""fcstValue"": ""0""}, {""nx"": 93, ""ny"": 105, ""baseDate"": ""20260602"", ""baseTime"": ""1530"", ""category"": ""PTY"", ""fcstDate"": ""20260602"", ""fcstTime"": ""1600"", ""fcstValue"": ""0""}, {""nx"": 93, ""ny"": 105, ""baseDate"": ""20260602"", ""baseTime"": ""1530"", ""category"": ""RN1"", ""fcstDate"": ""20260602"", ""fcstTime"": ""1600"", ""fcstValue"": ""강수없음""}, {""nx"": 93, ""ny"": 105, ""baseDate"": ""20260602"", ""baseTime"": ""1530"", ""category"": ""SKY"", ""fcstDate"": ""20260602"", ""fcstTime"": ""1600"", ""fcstValue"": ""4""}, {""nx"": 93, ""ny"": 105, ""baseDate"": ""20260602"", ""baseTime"": ""1530"", ""category"": ""T1H"", ""fcstDate"": ""20260602"", ""fcstTime"": ""1600"", ""fcstValue"": ""25""}, {""nx"": 93, ""ny"": 105, ""baseDate"": ""20260602"", ""baseTime"": ""1530"", ""category"": ""REH"", ""fcstDate"": ""20260602"", ""fcstTime"": ""1600"", ""fcstValue"": ""60""}, {""nx"": 93, ""ny"": 105, ""baseDate"": ""20260602"", ""baseTime"": ""1530"", ""category"": ""UUU"", ""fcstDate"": ""20260602"", ""fcstTime"": ""1600"", ""fcstValue"": ""0.2""}, {""nx"": 93, ""ny"": 105, ""baseDate"": ""20260602"", ""baseTime"": ""1530"", ""category"": ""VVV"", ""fcstDate"": ""20260602"", ""fcstTime"": ""1600"", ""fcstValue"": ""2.7""}, {""nx"": 93, ""ny"": 105, ""baseDate"": ""20260602"", ""baseTime"": ""1530"", ""category"": ""VEC"", ""fcstDate"": ""20260602"", ""fcstTime"": ""1600"", ""fcstValue"": ""184""}, {""nx"": 93, ""ny"": 105, ""baseDate"": ""20260602"", ""baseTime"": ""1530"", ""category"": ""WSD"", ""fcstDate"": ""20260602"", ""fcstTime"": ""1600"", ""fcstValue"": ""3""}]",2026-06-02 16:34:55,2026-06-02 16:34:55
2002110,2026-06-02 15:30:00,2026-06-02 17:00:00,93,105,24.0,0.0,0.0,0,KMA_ULTRA_FCST,"[{""nx"": 93, ""ny"": 105, ""baseDate"": ""20260602"", ""baseTime"": ""1530"", ""category"": ""LGT"", ""fcstDate"": ""20260602"", ""fcstTime"": ""1700"", ""fcstValue"": ""0""}, {""nx"": 93, ""ny"": 105, ""baseDate"": ""20260602"", ""baseTime"": ""1530"", ""category"": ""PTY"", ""fcstDate"": ""20260602"", ""fcstTime"": ""1700"", ""fcstValue"": ""0""}, {""nx"": 93, ""ny"": 105, ""baseDate"": ""20260602"", ""baseTime"": ""1530"", ""category"": ""RN1"", ""fcstDate"": ""20260602"", ""fcstTime"": ""1700"", ""fcstValue"": ""강수없음""}, {""nx"": 93, ""ny"": 105, ""baseDate"": ""20260602"", ""baseTime"": ""1530"", ""category"": ""SKY"", ""fcstDate"": ""20260602"", ""fcstTime"": ""1700"", ""fcstValue"": ""4""}, {""nx"": 93, ""ny"": 105, ""baseDate"": ""20260602"", ""baseTime"": ""1530"", ""category"": ""T1H"", ""fcstDate"": ""20260602"", ""fcstTime"": ""1700"", ""fcstValue"": ""24""}, {""nx"": 93, ""ny"": 105, ""baseDate"": ""20260602"", ""baseTime"": ""1530"", ""category"": ""REH"", ""fcstDate"": ""20260602"", ""fcstTime"": ""1700"", ""fcstValue"": ""60""}, {""nx"": 93, ""ny"": 105, ""baseDate"": ""20260602"", ""baseTime"": ""1530"", ""category"": ""UUU"", ""fcstDate"": ""20260602"", ""fcstTime"": ""1700"", ""fcstValue"": ""0.5""}, {""nx"": 93, ""ny"": 105, ""baseDate"": ""20260602"", ""baseTime"": ""1530"", ""category"": ""VVV"", ""fcstDate"": ""20260602"", ""fcstTime"": ""1700"", ""fcstValue"": ""1.9""}, {""nx"": 93, ""ny"": 105, ""baseDate"": ""20260602"", ""baseTime"": ""1530"", ""category"": ""VEC"", ""fcstDate"": ""20260602"", ""fcstTime"": ""1700"", ""fcstValue"": ""195""}, {""nx"": 93, ""ny"": 105, ""baseDate"": ""20260602"", ""baseTime"": ""1530"", ""category"": ""WSD"", ""fcstDate"": ""20260602"", ""fcstTime"": ""1700"", ""fcstValue"": ""2""}]",2026-06-02 16:34:55,2026-06-02 16:34:55
2002110,2026-06-02 15:30:00,2026-06-02 18:00:00,93,105,25.0,0.0,0.0,0,KMA_ULTRA_FCST,"[{""nx"": 93, ""ny"": 105, ""baseDate"": ""20260602"", ""baseTime"": ""1530"", ""category"": ""LGT"", ""fcstDate"": ""20260602"", ""fcstTime"": ""1800"", ""fcstValue"": ""0""}, {""nx"": 93, ""ny"": 105, ""baseDate"": ""20260602"", ""baseTime"": ""1530"", ""category"": ""PTY"", ""fcstDate"": ""20260602"", ""fcstTime"": ""1800"", ""fcstValue"": ""0""}, {""nx"": 93, ""ny"": 105, ""baseDate"": ""20260602"", ""baseTime"": ""1530"", ""category"": ""RN1"", ""fcstDate"": ""20260602"", ""fcstTime"": ""1800"", ""fcstValue"": ""강수없음""}, {""nx"": 93, ""ny"": 105, ""baseDate"": ""20260602"", ""baseTime"": ""1530"", ""category"": ""SKY"", ""fcstDate"": ""20260602"", ""fcstTime"": ""1800"", ""fcstValue"": ""4""}, {""nx"": 93, ""ny"": 105, ""baseDate"": ""20260602"", ""baseTime"": ""1530"", ""category"": ""T1H"", ""fcstDate"": ""20260602"", ""fcstTime"": ""1800"", ""fcstValue"": ""25""}, {""nx"": 93, ""ny"": 105, ""baseDate"": ""20260602"", ""baseTime"": ""1530"", ""category"": ""REH"", ""fcstDate"": ""20260602"", ""fcstTime"": ""1800"", ""fcstValue"": ""60""}, {""nx"": 93, ""ny"": 105, ""baseDate"": ""20260602"", ""baseTime"": ""1530"", ""category"": ""UUU"", ""fcstDate"": ""20260602"", ""fcstTime"": ""1800"", ""fcstValue"": ""0.9""}, {""nx"": 93, ""ny"": 105, ""baseDate"": ""20260602"", ""baseTime"": ""1530"", ""category"": ""VVV"", ""fcstDate"": ""20260602"", ""fcstTime"": ""1800"", ""fcstValue"": ""0.6""}, {""nx"": 93, ""ny"": 105, ""baseDate"": ""20260602"", ""baseTime"": ""1530"", ""category"": ""VEC"", ""fcstDate"": ""20260602"", ""fcstTime"": ""1800"", ""fcstValue"": ""236""}, {""nx"": 93, ""ny"": 105, ""baseDate"": ""20260602"", ""baseTime"": ""1530"", ""category"": ""WSD"", ""fcstDate"": ""20260602"", ""fcstTime"": ""1800"", ""fcstValue"": ""1""}]",2026-06-02 16:34:55,2026-06-02 16:34:55
2002110,2026-06-02 15:30:00,2026-06-02 19:00:00,93,105,24.0,0.0,0.0,0,KMA_ULTRA_FCST,"[{""nx"": 93, ""ny"": 105, ""baseDate"": ""20260602"", ""baseTime"": ""1530"", ""category"": ""LGT"", ""fcstDate"": ""20260602"", ""fcstTime"": ""1900"", ""fcstValue"": ""0""}, {""nx"": 93, ""ny"": 105, ""baseDate"": ""20260602"", ""baseTime"": ""1530"", ""category"": ""PTY"", ""fcstDate"": ""20260602"", ""fcstTime"": ""1900"", ""fcstValue"": ""0""}, {""nx"": 93, ""ny"": 105, ""baseDate"": ""20260602"", ""baseTime"": ""1530"", ""category"": ""RN1"", ""fcstDate"": ""20260602"", ""fcstTime"": ""1900"", ""fcstValue"": ""강수없음""}, {""nx"": 93, ""ny"": 105, ""baseDate"": ""20260602"", ""baseTime"": ""1530"", ""category"": ""SKY"", ""fcstDate"": ""20260602"", ""fcstTime"": ""1900"", ""fcstValue"": ""3""}, {""nx"": 93, ""ny"": 105, ""baseDate"": ""20260602"", ""baseTime"": ""1530"", ""category"": ""T1H"", ""fcstDate"": ""20260602"", ""fcstTime"": ""1900"", ""fcstValue"": ""24""}, {""nx"": 93, ""ny"": 105, ""baseDate"": ""20260602"", ""baseTime"": ""1530"", ""category"": ""REH"", ""fcstDate"": ""20260602"", ""fcstTime"": ""1900"", ""fcstValue"": ""65""}, {""nx"": 93, ""ny"": 105, ""baseDate"": ""20260602"", ""baseTime"": ""1530"", ""category"": ""UUU"", ""fcstDate"": ""20260602"", ""fcstTime"": ""1900"", ""fcstValue"": ""0.4""}, {""nx"": 93, ""ny"": 105, ""baseDate"": ""20260602"", ""baseTime"": ""1530"", ""category"": ""VVV"", ""fcstDate"": ""20260602"", ""fcstTime"": ""1900"", ""fcstValue"": ""0.1""}, {""nx"": 93, ""ny"": 105, ""baseDate"": ""20260602"", ""baseTime"": ""1530"", ""category"": ""VEC"", ""fcstDate"": ""20260602"", ""fcstTime"": ""1900"", ""fcstValue"": ""256""}, {""nx"": 93, ""ny"": 105, ""baseDate"": ""20260602"", ""baseTime"": ""1530"", ""category"": ""WSD"", ""fcstDate"": ""20260602"", ""fcstTime"": ""1900"", ""fcstValue"": ""0.1""}]",2026-06-02 16:34:55,2026-06-02 16:34:55
2002110,2026-06-02 15:30:00,2026-06-02 20:00:00,93,105,23.0,0.0,0.0,0,KMA_ULTRA_FCST,"[{""nx"": 93, ""ny"": 105, ""baseDate"": ""20260602"", ""baseTime"": ""1530"", ""category"": ""LGT"", ""fcstDate"": ""20260602"", ""fcstTime"": ""2000"", ""fcstValue"": ""0""}, {""nx"": 93, ""ny"": 105, ""baseDate"": ""20260602"", ""baseTime"": ""1530"", ""category"": ""PTY"", ""fcstDate"": ""20260602"", ""fcstTime"": ""2000"", ""fcstValue"": ""0""}, {""nx"": 93, ""ny"": 105, ""baseDate"": ""20260602"", ""baseTime"": ""1530"", ""category"": ""RN1"", ""fcstDate"": ""20260602"", ""fcstTime"": ""2000"", ""fcstValue"": ""강수없음""}, {""nx"": 93, ""ny"": 105, ""baseDate"": ""20260602"", ""baseTime"": ""1530"", ""category"": ""SKY"", ""fcstDate"": ""20260602"", ""fcstTime"": ""2000"", ""fcstValue"": ""3""}, {""nx"": 93, ""ny"": 105, ""baseDate"": ""20260602"", ""baseTime"": ""1530"", ""category"": ""T1H"", ""fcstDate"": ""20260602"", ""fcstTime"": ""2000"", ""fcstValue"": ""23""}, {""nx"": 93, ""ny"": 105, ""baseDate"": ""20260602"", ""baseTime"": ""1530"", ""category"": ""REH"", ""fcstDate"": ""20260602"", ""fcstTime"": ""2000"", ""fcstValue"": ""75""}, {""nx"": 93, ""ny"": 105, ""baseDate"": ""20260602"", ""baseTime"": ""1530"", ""category"": ""UUU"", ""fcstDate"": ""20260602"", ""fcstTime"": ""2000"", ""fcstValue"": ""0.1""}, {""nx"": 93, ""ny"": 105, ""baseDate"": ""20260602"", ""baseTime"": ""1530"", ""category"": ""VVV"", ""fcstDate"": ""20260602"", ""fcstTime"": ""2000"", ""fcstValue"": ""0.1""}, {""nx"": 93, ""ny"": 105, ""baseDate"": ""20260602"", ""baseTime"": ""1530"", ""category"": ""VEC"", ""fcstDate"": ""20260602"", ""fcstTime"": ""2000"", ""fcstValue"": ""225""}, {""nx"": 93, ""ny"": 105, ""baseDate"": ""20260602"", ""baseTime"": ""1530"", ""category"": ""WSD"", ""fcstDate"": ""20260602"", ""fcstTime"": ""2000"", ""fcstValue"": ""0.1""}]",2026-06-02 16:34:55,2026-06-02 16:34:55
2002110,2026-06-02 15:30:00,2026-06-02 21:00:00,93,105,21.0,0.0,0.0,0,KMA_ULTRA_FCST,"[{""nx"": 93, ""ny"": 105, ""baseDate"": ""20260602"", ""baseTime"": ""1530"", ""category"": ""LGT"", ""fcstDate"": ""20260602"", ""fcstTime"": ""2100"", ""fcstValue"": ""0""}, {""nx"": 93, ""ny"": 105, ""baseDate"": ""20260602"", ""baseTime"": ""1530"", ""category"": ""PTY"", ""fcstDate"": ""20260602"", ""fcstTime"": ""2100"", ""fcstValue"": ""0""}, {""nx"": 93, ""ny"": 105, ""baseDate"": ""20260602"", ""baseTime"": ""1530"", ""category"": ""RN1"", ""fcstDate"": ""20260602"", ""fcstTime"": ""2100"", ""fcstValue"": ""강수없음""}, {""nx"": 93, ""ny"": 105, ""baseDate"": ""20260602"", ""baseTime"": ""1530"", ""category"": ""SKY"", ""fcstDate"": ""20260602"", ""fcstTime"": ""2100"", ""fcstValue"": ""1""}, {""nx"": 93, ""ny"": 105, ""baseDate"": ""20260602"", ""baseTime"": ""1530"", ""category"": ""T1H"", ""fcstDate"": ""20260602"", ""fcstTime"": ""2100"", ""fcstValue"": ""21""}, {""nx"": 93, ""ny"": 105, ""baseDate"": ""20260602"", ""baseTime"": ""1530"", ""category"": ""REH"", ""fcstDate"": ""20260602"", ""fcstTime"": ""2100"", ""fcstValue"": ""80""}, {""nx"": 93, ""ny"": 105, ""baseDate"": ""20260602"", ""baseTime"": ""1530"", ""category"": ""UUU"", ""fcstDate"": ""20260602"", ""fcstTime"": ""2100"", ""fcstValue"": ""-1""}, {""nx"": 93, ""ny"": 105, ""baseDate"": ""20260602"", ""baseTime"": ""1530"", ""category"": ""VVV"", ""fcstDate"": ""20260602"", ""fcstTime"": ""2100"", ""fcstValue"": ""0""}, {""nx"": 93, ""ny"": 105, ""baseDate"": ""20260602"", ""baseTime"": ""1530"", ""category"": ""VEC"", ""fcstDate"": ""20260602"", ""fcstTime"": ""2100"", ""fcstValue"": ""90""}, {""nx"": 93, ""ny"": 105, ""baseDate"": ""20260602"", ""baseTime"": ""1530"", ""category"": ""WSD"", ""fcstDate"": ""20260602"", ""fcstTime"": ""2100"", ""fcstValue"": ""1""}]",2026-06-02 16:34:55,2026-06-02 16:34:55
2002111,2026-06-02 15:30:00,2026-06-02 16:00:00,96,100,23.0,0.0,0.0,0,KMA_ULTRA_FCST,"[{""nx"": 96, ""ny"": 100, ""baseDate"": ""20260602"", ""baseTime"": ""1530"", ""category"": ""LGT"", ""fcstDate"": ""20260602"", ""fcstTime"": ""1600"", ""fcstValue"": ""0""}, {""nx"": 96, ""ny"": 100, ""baseDate"": ""20260602"", ""baseTime"": ""1530"", ""category"": ""PTY"", ""fcstDate"": ""20260602"", ""fcstTime"": ""1600"", ""fcstValue"": ""0""}, {""nx"": 96, ""ny"": 100, ""baseDate"": ""20260602"", ""baseTime"": ""1530"", ""category"": ""RN1"", ""fcstDate"": ""20260602"", ""fcstTime"": ""1600"", ""fcstValue"": ""강수없음""}, {""nx"": 96, ""ny"": 100, ""baseDate"": ""20260602"", ""baseTime"": ""1530"", ""category"": ""SKY"", ""fcstDate"": ""20260602"", ""fcstTime"": ""1600"", ""fcstValue"": ""4""}, {""nx"": 96, ""ny"": 100, ""baseDate"": ""20260602"", ""baseTime"": ""1530"", ""category"": ""T1H"", ""fcstDate"": ""20260602"", ""fcstTime"": ""1600"", ""fcstValue"": ""23""}, {""nx"": 96, ""ny"": 100, ""baseDate"": ""20260602"", ""baseTime"": ""1530"", ""category"": ""REH"", ""fcstDate"": ""20260602"", ""fcstTime"": ""1600"", ""fcstValue"": ""70""}, {""nx"": 96, ""ny"": 100, ""baseDate"": ""20260602"", ""baseTime"": ""1530"", ""category"": ""UUU"", ""fcstDate"": ""20260602"", ""fcstTime"": ""1600"", ""fcstValue"": ""-0.5""}, {""nx"": 96, ""ny"": 100, ""baseDate"": ""20260602"", ""baseTime"": ""1530"", ""category"": ""VVV"", ""fcstDate"": ""20260602"", ""fcstTime"": ""1600"", ""fcstValue"": ""-0.5""}, {""nx"": 96, ""ny"": 100, ""baseDate"": ""20260602"", ""baseTime"": ""1530"", ""category"": ""VEC"", ""fcstDate"": ""20260602"", ""fcstTime"": ""1600"", ""fcstValue"": ""45""}, {""nx"": 96, ""ny"": 100, ""baseDate"": ""20260602"", ""baseTime"": ""1530"", ""category"": ""WSD"", ""fcstDate"": ""20260602"", ""fcstTime"": ""1600"", ""fcstValue"": ""1""}]",2026-06-02 16:34:56,2026-06-02 16:34:56
2002111,2026-06-02 15:30:00,2026-06-02 17:00:00,96,100,21.0,0.0,0.0,0,KMA_ULTRA_FCST,"[{""nx"": 96, ""ny"": 100, ""baseDate"": ""20260602"", ""baseTime"": ""1530"", ""category"": ""LGT"", ""fcstDate"": ""20260602"", ""fcstTime"": ""1700"", ""fcstValue"": ""0""}, {""nx"": 96, ""ny"": 100, ""baseDate"": ""20260602"", ""baseTime"": ""1530"", ""category"": ""PTY"", ""fcstDate"": ""20260602"", ""fcstTime"": ""1700"", ""fcstValue"": ""0""}, {""nx"": 96, ""ny"": 100, ""baseDate"": ""20260602"", ""baseTime"": ""1530"", ""category"": ""RN1"", ""fcstDate"": ""20260602"", ""fcstTime"": ""1700"", ""fcstValue"": ""강수없음""}, {""nx"": 96, ""ny"": 100, ""baseDate"": ""20260602"", ""baseTime"": ""1530"", ""category"": ""SKY"", ""fcstDate"": ""20260602"", ""fcstTime"": ""1700"", ""fcstValue"": ""4""}, {""nx"": 96, ""ny"": 100, ""baseDate"": ""20260602"", ""baseTime"": ""1530"", ""category"": ""T1H"", ""fcstDate"": ""20260602"", ""fcstTime"": ""1700"", ""fcstValue"": ""21""}, {""nx"": 96, ""ny"": 100, ""baseDate"": ""20260602"", ""baseTime"": ""1530"", ""category"": ""REH"", ""fcstDate"": ""20260602"", ""fcstTime"": ""1700"", ""fcstValue"": ""70""}, {""nx"": 96, ""ny"": 100, ""baseDate"": ""20260602"", ""baseTime"": ""1530"", ""category"": ""UUU"", ""fcstDate"": ""20260602"", ""fcstTime"": ""1700"", ""fcstValue"": ""-0.6""}, {""nx"": 96, ""ny"": 100, ""baseDate"": ""20260602"", ""baseTime"": ""1530"", ""category"": ""VVV"", ""fcstDate"": ""20260602"", ""fcstTime"": ""1700"", ""fcstValue"": ""-1.8""}, {""nx"": 96, ""ny"": 100, ""baseDate"": ""20260602"", ""baseTime"": ""1530"", ""category"": ""VEC"", ""fcstDate"": ""20260602"", ""fcstTime"": ""1700"", ""fcstValue"": ""20""}, {""nx"": 96, ""ny"": 100, ""baseDate"": ""20260602"", ""baseTime"": ""1530"", ""category"": ""WSD"", ""fcstDate"": ""20260602"", ""fcstTime"": ""1700"", ""fcstValue"": ""2""}]",2026-06-02 16:34:56,2026-06-02 16:34:56
2002111,2026-06-02 15:30:00,2026-06-02 18:00:00,96,100,20.0,0.0,0.0,0,KMA_ULTRA_FCST,"[{""nx"": 96, ""ny"": 100, ""baseDate"": ""20260602"", ""baseTime"": ""1530"", ""category"": ""LGT"", ""fcstDate"": ""20260602"", ""fcstTime"": ""1800"", ""fcstValue"": ""0""}, {""nx"": 96, ""ny"": 100, ""baseDate"": ""20260602"", ""baseTime"": ""1530"", ""category"": ""PTY"", ""fcstDate"": ""20260602"", ""fcstTime"": ""1800"", ""fcstValue"": ""0""}, {""nx"": 96, ""ny"": 100, ""baseDate"": ""20260602"", ""baseTime"": ""1530"", ""category"": ""RN1"", ""fcstDate"": ""20260602"", ""fcstTime"": ""1800"", ""fcstValue"": ""강수없음""}, {""nx"": 96, ""ny"": 100, ""baseDate"": ""20260602"", ""baseTime"": ""1530"", ""category"": ""SKY"", ""fcstDate"": ""20260602"", ""fcstTime"": ""1800"", ""fcstValue"": ""4""}, {""nx"": 96, ""ny"": 100, ""baseDate"": ""20260602"", ""baseTime"": ""1530"", ""category"": ""T1H"", ""fcstDate"": ""20260602"", ""fcstTime"": ""1800"", ""fcstValue"": ""20""}, {""nx"": 96, ""ny"": 100, ""baseDate"": ""20260602"", ""baseTime"": ""1530"", ""category"": ""REH"", ""fcstDate"": ""20260602"", ""fcstTime"": ""1800"", ""fcstValue"": ""75""}, {""nx"": 96, ""ny"": 100, ""baseDate"": ""20260602"", ""baseTime"": ""1530"", ""category"": ""UUU"", ""fcstDate"": ""20260602"", ""fcstTime"": ""1800"", ""fcstValue"": ""0.1""}, {""nx"": 96, ""ny"": 100, ""baseDate"": ""20260602"", ""baseTime"": ""1530"", ""category"": ""VVV"", ""fcstDate"": ""20260602"", ""fcstTime"": ""1800"", ""fcstValue"": ""-2.5""}, {""nx"": 96, ""ny"": 100, ""baseDate"": ""20260602"", ""baseTime"": ""1530"", ""category"": ""VEC"", ""fcstDate"": ""20260602"", ""fcstTime"": ""1800"", ""fcstValue"": ""358""}, {""nx"": 96, ""ny"": 100, ""baseDate"": ""20260602"", ""baseTime"": ""1530"", ""category"": ""WSD"", ""fcstDate"": ""20260602"", ""fcstTime"": ""1800"", ""fcstValue"": ""3""}]",2026-06-02 16:34:56,2026-06-02 16:34:56
2002111,2026-06-02 15:30:00,2026-06-02 19:00:00,96,100,19.0,0.0,0.0,0,KMA_ULTRA_FCST,"[{""nx"": 96, ""ny"": 100, ""baseDate"": ""20260602"", ""baseTime"": ""1530"", ""category"": ""LGT"", ""fcstDate"": ""20260602"", ""fcstTime"": ""1900"", ""fcstValue"": ""0""}, {""nx"": 96, ""ny"": 100, ""baseDate"": ""20260602"", ""baseTime"": ""1530"", ""category"": ""PTY"", ""fcstDate"": ""20260602"", ""fcstTime"": ""1900"", ""fcstValue"": ""0""}, {""nx"": 96, ""ny"": 100, ""baseDate"": ""20260602"", ""baseTime"": ""1530"", ""category"": ""RN1"", ""fcstDate"": ""20260602"", ""fcstTime"": ""1900"", ""fcstValue"": ""강수없음""}, {""nx"": 96, ""ny"": 100, ""baseDate"": ""20260602"", ""baseTime"": ""1530"", ""category"": ""SKY"", ""fcstDate"": ""20260602"", ""fcstTime"": ""1900"", ""fcstValue"": ""4""}, {""nx"": 96, ""ny"": 100, ""baseDate"": ""20260602"", ""baseTime"": ""1530"", ""category"": ""T1H"", ""fcstDate"": ""20260602"", ""fcstTime"": ""1900"", ""fcstValue"": ""19""}, {""nx"": 96, ""ny"": 100, ""baseDate"": ""20260602"", ""baseTime"": ""1530"", ""category"": ""REH"", ""fcstDate"": ""20260602"", ""fcstTime"": ""1900"", ""fcstValue"": ""80""}, {""nx"": 96, ""ny"": 100, ""baseDate"": ""20260602"", ""baseTime"": ""1530"", ""category"": ""UUU"", ""fcstDate"": ""20260602"", ""fcstTime"": ""1900"", ""fcstValue"": ""-0.4""}, {""nx"": 96, ""ny"": 100, ""baseDate"": ""20260602"", ""baseTime"": ""1530"", ""category"": ""VVV"", ""fcstDate"": ""20260602"", ""fcstTime"": ""1900"", ""fcstValue"": ""-1.1""}, {""nx"": 96, ""ny"": 100, ""baseDate"": ""20260602"", ""baseTime"": ""1530"", ""category"": ""VEC"", ""fcstDate"": ""20260602"", ""fcstTime"": ""1900"", ""fcstValue"": ""23""}, {""nx"": 96, ""ny"": 100, ""baseDate"": ""20260602"", ""baseTime"": ""1530"", ""category"": ""WSD"", ""fcstDate"": ""20260602"", ""fcstTime"": ""1900"", ""fcstValue"": ""1""}]",2026-06-02 16:34:56,2026-06-02 16:34:56
2002111,2026-06-02 15:30:00,2026-06-02 20:00:00,96,100,18.0,0.0,0.0,0,KMA_ULTRA_FCST,"[{""nx"": 96, ""ny"": 100, ""baseDate"": ""20260602"", ""baseTime"": ""1530"", ""category"": ""LGT"", ""fcstDate"": ""20260602"", ""fcstTime"": ""2000"", ""fcstValue"": ""0""}, {""nx"": 96, ""ny"": 100, ""baseDate"": ""20260602"", ""baseTime"": ""1530"", ""category"": ""PTY"", ""fcstDate"": ""20260602"", ""fcstTime"": ""2000"", ""fcstValue"": ""0""}, {""nx"": 96, ""ny"": 100, ""baseDate"": ""20260602"", ""baseTime"": ""1530"", ""category"": ""RN1"", ""fcstDate"": ""20260602"", ""fcstTime"": ""2000"", ""fcstValue"": ""강수없음""}, {""nx"": 96, ""ny"": 100, ""baseDate"": ""20260602"", ""baseTime"": ""1530"", ""category"": ""SKY"", ""fcstDate"": ""20260602"", ""fcstTime"": ""2000"", ""fcstValue"": ""4""}, {""nx"": 96, ""ny"": 100, ""baseDate"": ""20260602"", ""baseTime"": ""1530"", ""category"": ""T1H"", ""fcstDate"": ""20260602"", ""fcstTime"": ""2000"", ""fcstValue"": ""18""}, {""nx"": 96, ""ny"": 100, ""baseDate"": ""20260602"", ""baseTime"": ""1530"", ""category"": ""REH"", ""fcstDate"": ""20260602"", ""fcstTime"": ""2000"", ""fcstValue"": ""90""}, {""nx"": 96, ""ny"": 100, ""baseDate"": ""20260602"", ""baseTime"": ""1530"", ""category"": ""UUU"", ""fcstDate"": ""20260602"", ""fcstTime"": ""2000"", ""fcstValue"": ""-0.7""}, {""nx"": 96, ""ny"": 100, ""baseDate"": ""20260602"", ""baseTime"": ""1530"", ""category"": ""VVV"", ""fcstDate"": ""20260602"", ""fcstTime"": ""2000"", ""fcstValue"": ""-0.3""}, {""nx"": 96, ""ny"": 100, ""baseDate"": ""20260602"", ""baseTime"": ""1530"", ""category"": ""VEC"", ""fcstDate"": ""20260602"", ""fcstTime"": ""2000"", ""fcstValue"": ""63""}, {""nx"": 96, ""ny"": 100, ""baseDate"": ""20260602"", ""baseTime"": ""1530"", ""category"": ""WSD"", ""fcstDate"": ""20260602"", ""fcstTime"": ""2000"", ""fcstValue"": ""1""}]",2026-06-02 16:34:56,2026-06-02 16:34:56
2002111,2026-06-02 15:30:00,2026-06-02 21:00:00,96,100,18.0,0.0,0.0,0,KMA_ULTRA_FCST,"[{""nx"": 96, ""ny"": 100, ""baseDate"": ""20260602"", ""baseTime"": ""1530"", ""category"": ""LGT"", ""fcstDate"": ""20260602"", ""fcstTime"": ""2100"", ""fcstValue"": ""0""}, {""nx"": 96, ""ny"": 100, ""baseDate"": ""20260602"", ""baseTime"": ""1530"", ""category"": ""PTY"", ""fcstDate"": ""20260602"", ""fcstTime"": ""2100"", ""fcstValue"": ""0""}, {""nx"": 96, ""ny"": 100, ""baseDate"": ""20260602"", ""baseTime"": ""1530"", ""category"": ""RN1"", ""fcstDate"": ""20260602"", ""fcstTime"": ""2100"", ""fcstValue"": ""강수없음""}, {""nx"": 96, ""ny"": 100, ""baseDate"": ""20260602"", ""baseTime"": ""1530"", ""category"": ""SKY"", ""fcstDate"": ""20260602"", ""fcstTime"": ""2100"", ""fcstValue"": ""4""}, {""nx"": 96, ""ny"": 100, ""baseDate"": ""20260602"", ""baseTime"": ""1530"", ""category"": ""T1H"", ""fcstDate"": ""20260602"", ""fcstTime"": ""2100"", ""fcstValue"": ""18""}, {""nx"": 96, ""ny"": 100, ""baseDate"": ""20260602"", ""baseTime"": ""1530"", ""category"": ""REH"", ""fcstDate"": ""20260602"", ""fcstTime"": ""2100"", ""fcstValue"": ""90""}, {""nx"": 96, ""ny"": 100, ""baseDate"": ""20260602"", ""baseTime"": ""1530"", ""category"": ""UUU"", ""fcstDate"": ""20260602"", ""fcstTime"": ""2100"", ""fcstValue"": ""-1.1""}, {""nx"": 96, ""ny"": 100, ""baseDate"": ""20260602"", ""baseTime"": ""1530"", ""category"": ""VVV"", ""fcstDate"": ""20260602"", ""fcstTime"": ""2100"", ""fcstValue"": ""0""}, {""nx"": 96, ""ny"": 100, ""baseDate"": ""20260602"", ""baseTime"": ""1530"", ""category"": ""VEC"", ""fcstDate"": ""20260602"", ""fcstTime"": ""2100"", ""fcstValue"": ""90""}, {""nx"": 96, ""ny"": 100, ""baseDate"": ""20260602"", ""baseTime"": ""1530"", ""category"": ""WSD"", ""fcstDate"": ""20260602"", ""fcstTime"": ""2100"", ""fcstValue"": ""1""}]",2026-06-02 16:34:56,2026-06-02 16:34:56
2004101,2026-06-02 15:30:00,2026-06-02 16:00:00,90,111,25.0,0.0,0.0,0,KMA_ULTRA_FCST,"[{""nx"": 90, ""ny"": 111, ""baseDate"": ""20260602"", ""baseTime"": ""1530"", ""category"": ""LGT"", ""fcstDate"": ""20260602"", ""fcstTime"": ""1600"", ""fcstValue"": ""0""}, {""nx"": 90, ""ny"": 111, ""baseDate"": ""20260602"", ""baseTime"": ""1530"", ""category"": ""PTY"", ""fcstDate"": ""20260602"", ""fcstTime"": ""1600"", ""fcstValue"": ""0""}, {""nx"": 90, ""ny"": 111, ""baseDate"": ""20260602"", ""baseTime"": ""1530"", ""category"": ""RN1"", ""fcstDate"": ""20260602"", ""fcstTime"": ""1600"", ""fcstValue"": ""강수없음""}, {""nx"": 90, ""ny"": 111, ""baseDate"": ""20260602"", ""baseTime"": ""1530"", ""category"": ""SKY"", ""fcstDate"": ""20260602"", ""fcstTime"": ""1600"", ""fcstValue"": ""3""}, {""nx"": 90, ""ny"": 111, ""baseDate"": ""20260602"", ""baseTime"": ""1530"", ""category"": ""T1H"", ""fcstDate"": ""20260602"", ""fcstTime"": ""1600"", ""fcstValue"": ""25""}, {""nx"": 90, ""ny"": 111, ""baseDate"": ""20260602"", ""baseTime"": ""1530"", ""category"": ""REH"", ""fcstDate"": ""20260602"", ""fcstTime"": ""1600"", ""fcstValue"": ""65""}, {""nx"": 90, ""ny"": 111, ""baseDate"": ""20260602"", ""baseTime"": ""1530"", ""category"": ""UUU"", ""fcstDate"": ""20260602"", ""fcstTime"": ""1600"", ""fcstValue"": ""0""}, {""nx"": 90, ""ny"": 111, ""baseDate"": ""20260602"", ""baseTime"": ""1530"", ""category"": ""VVV"", ""fcstDate"": ""20260602"", ""fcstTime"": ""1600"", ""fcstValue"": ""1.1""}, {""nx"": 90, ""ny"": 111, ""baseDate"": ""20260602"", ""baseTime"": ""1530"", ""category"": ""VEC"", ""fcstDate"": ""20260602"", ""fcstTime"": ""1600"", ""fcstValue"": ""180""}, {""nx"": 90, ""ny"": 111, ""baseDate"": ""20260602"", ""baseTime"": ""1530"", ""category"": ""WSD"", ""fcstDate"": ""20260602"", ""fcstTime"": ""1600"", ""fcstValue"": ""1""}]",2026-06-02 16:34:58,2026-06-02 16:34:58
2004101,2026-06-02 15:30:00,2026-06-02 17:00:00,90,111,25.0,0.0,0.0,0,KMA_ULTRA_FCST,"[{""nx"": 90, ""ny"": 111, ""baseDate"": ""20260602"", ""baseTime"": ""1530"", ""category"": ""LGT"", ""fcstDate"": ""20260602"", ""fcstTime"": ""1700"", ""fcstValue"": ""0""}, {""nx"": 90, ""ny"": 111, ""baseDate"": ""20260602"", ""baseTime"": ""1530"", ""category"": ""PTY"", ""fcstDate"": ""20260602"", ""fcstTime"": ""1700"", ""fcstValue"": ""0""}, {""nx"": 90, ""ny"": 111, ""baseDate"": ""20260602"", ""baseTime"": ""1530"", ""category"": ""RN1"", ""fcstDate"": ""20260602"", ""fcstTime"": ""1700"", ""fcstValue"": ""강수없음""}, {""nx"": 90, ""ny"": 111, ""baseDate"": ""20260602"", ""baseTime"": ""1530"", ""category"": ""SKY"", ""fcstDate"": ""20260602"", ""fcstTime"": ""1700"", ""fcstValue"": ""3""}, {""nx"": 90, ""ny"": 111, ""baseDate"": ""20260602"", ""baseTime"": ""1530"", ""category"": ""T1H"", ""fcstDate"": ""20260602"", ""fcstTime"": ""1700"", ""fcstValue"": ""25""}, {""nx"": 90, ""ny"": 111, ""baseDate"": ""20260602"", ""baseTime"": ""1530"", ""category"": ""REH"", ""fcstDate"": ""20260602"", ""fcstTime"": ""1700"", ""fcstValue"": ""70""}, {""nx"": 90, ""ny"": 111, ""baseDate"": ""20260602"", ""baseTime"": ""1530"", ""category"": ""UUU"", ""fcstDate"": ""20260602"", ""fcstTime"": ""1700"", ""fcstValue"": ""0""}, {""nx"": 90, ""ny"": 111, ""baseDate"": ""20260602"", ""baseTime"": ""1530"", ""category"": ""VVV"", ""fcstDate"": ""20260602"", ""fcstTime"": ""1700"", ""fcstValue"": ""1""}, {""nx"": 90, ""ny"": 111, ""baseDate"": ""20260602"", ""baseTime"": ""1530"", ""category"": ""VEC"", ""fcstDate"": ""20260602"", ""fcstTime"": ""1700"", ""fcstValue"": ""180""}, {""nx"": 90, ""ny"": 111, ""baseDate"": ""20260602"", ""baseTime"": ""1530"", ""category"": ""WSD"", ""fcstDate"": ""20260602"", ""fcstTime"": ""1700"", ""fcstValue"": ""1""}]",2026-06-02 16:34:58,2026-06-02 16:34:58
2004101,2026-06-02 15:30:00,2026-06-02 18:00:00,90,111,26.0,0.0,0.0,0,KMA_ULTRA_FCST,"[{""nx"": 90, ""ny"": 111, ""baseDate"": ""20260602"", ""baseTime"": ""1530"", ""category"": ""LGT"", ""fcstDate"": ""20260602"", ""fcstTime"": ""1800"", ""fcstValue"": ""0""}, {""nx"": 90, ""ny"": 111, ""baseDate"": ""20260602"", ""baseTime"": ""1530"", ""category"": ""PTY"", ""fcstDate"": ""20260602"", ""fcstTime"": ""1800"", ""fcstValue"": ""0""}, {""nx"": 90, ""ny"": 111, ""baseDate"": ""20260602"", ""baseTime"": ""1530"", ""category"": ""RN1"", ""fcstDate"": ""20260602"", ""fcstTime"": ""1800"", ""fcstValue"": ""강수없음""}, {""nx"": 90, ""ny"": 111, ""baseDate"": ""20260602"", ""baseTime"": ""1530"", ""category"": ""SKY"", ""fcstDate"": ""20260602"", ""fcstTime"": ""1800"", ""fcstValue"": ""3""}, {""nx"": 90, ""ny"": 111, ""baseDate"": ""20260602"", ""baseTime"": ""1530"", ""category"": ""T1H"", ""fcstDate"": ""20260602"", ""fcstTime"": ""1800"", ""fcstValue"": ""26""}, {""nx"": 90, ""ny"": 111, ""baseDate"": ""20260602"", ""baseTime"": ""1530"", ""category"": ""REH"", ""fcstDate"": ""20260602"", ""fcstTime"": ""1800"", ""fcstValue"": ""65""}, {""nx"": 90, ""ny"": 111, ""baseDate"": ""20260602"", ""baseTime"": ""1530"", ""category"": ""UUU"", ""fcstDate"": ""20260602"", ""fcstTime"": ""1800"", ""fcstValue"": ""0""}, {""nx"": 90, ""ny"": 111, ""baseDate"": ""20260602"", ""baseTime"": ""1530"", ""category"": ""VVV"", ""fcstDate"": ""20260602"", ""fcstTime"": ""1800"", ""fcstValue"": ""0""}, {""nx"": 90, ""ny"": 111, ""baseDate"": ""20260602"", ""baseTime"": ""1530"", ""category"": ""VEC"", ""fcstDate"": ""20260602"", ""fcstTime"": ""1800"", ""fcstValue"": ""270""}, {""nx"": 90, ""ny"": 111, ""baseDate"": ""20260602"", ""baseTime"": ""1530"", ""category"": ""WSD"", ""fcstDate"": ""20260602"", ""fcstTime"": ""1800"", ""fcstValue"": ""0.1""}]",2026-06-02 16:34:58,2026-06-02 16:34:58
2004101,2026-06-02 15:30:00,2026-06-02 19:00:00,90,111,24.0,0.0,0.0,0,KMA_ULTRA_FCST,"[{""nx"": 90, ""ny"": 111, ""baseDate"": ""20260602"", ""baseTime"": ""1530"", ""category"": ""LGT"", ""fcstDate"": ""20260602"", ""fcstTime"": ""1900"", ""fcstValue"": ""0""}, {""nx"": 90, ""ny"": 111, ""baseDate"": ""20260602"", ""baseTime"": ""1530"", ""category"": ""PTY"", ""fcstDate"": ""20260602"", ""fcstTime"": ""1900"", ""fcstValue"": ""0""}, {""nx"": 90, ""ny"": 111, ""baseDate"": ""20260602"", ""baseTime"": ""1530"", ""category"": ""RN1"", ""fcstDate"": ""20260602"", ""fcstTime"": ""1900"", ""fcstValue"": ""강수없음""}, {""nx"": 90, ""ny"": 111, ""baseDate"": ""20260602"", ""baseTime"": ""1530"", ""category"": ""SKY"", ""fcstDate"": ""20260602"", ""fcstTime"": ""1900"", ""fcstValue"": ""3""}, {""nx"": 90, ""ny"": 111, ""baseDate"": ""20260602"", ""baseTime"": ""1530"", ""category"": ""T1H"", ""fcstDate"": ""20260602"", ""fcstTime"": ""1900"", ""fcstValue"": ""24""}, {""nx"": 90, ""ny"": 111, ""baseDate"": ""20260602"", ""baseTime"": ""1530"", ""category"": ""REH"", ""fcstDate"": ""20260602"", ""fcstTime"": ""1900"", ""fcstValue"": ""70""}, {""nx"": 90, ""ny"": 111, ""baseDate"": ""20260602"", ""baseTime"": ""1530"", ""category"": ""UUU"", ""fcstDate"": ""20260602"", ""fcstTime"": ""1900"", ""fcstValue"": ""0""}, {""nx"": 90, ""ny"": 111, ""baseDate"": ""20260602"", ""baseTime"": ""1530"", ""category"": ""VVV"", ""fcstDate"": ""20260602"", ""fcstTime"": ""1900"", ""fcstValue"": ""-0.9""}, {""nx"": 90, ""ny"": 111, ""baseDate"": ""20260602"", ""baseTime"": ""1530"", ""category"": ""VEC"", ""fcstDate"": ""20260602"", ""fcstTime"": ""1900"", ""fcstValue"": ""0""}, {""nx"": 90, ""ny"": 111, ""baseDate"": ""20260602"", ""baseTime"": ""1530"", ""category"": ""WSD"", ""fcstDate"": ""20260602"", ""fcstTime"": ""1900"", ""fcstValue"": ""1""}]",2026-06-02 16:34:58,2026-06-02 16:34:58
2004101,2026-06-02 15:30:00,2026-06-02 20:00:00,90,111,23.0,0.0,0.0,0,KMA_ULTRA_FCST,"[{""nx"": 90, ""ny"": 111, ""baseDate"": ""20260602"", ""baseTime"": ""1530"", ""category"": ""LGT"", ""fcstDate"": ""20260602"", ""fcstTime"": ""2000"", ""fcstValue"": ""0""}, {""nx"": 90, ""ny"": 111, ""baseDate"": ""20260602"", ""baseTime"": ""1530"", ""category"": ""PTY"", ""fcstDate"": ""20260602"", ""fcstTime"": ""2000"", ""fcstValue"": ""0""}, {""nx"": 90, ""ny"": 111, ""baseDate"": ""20260602"", ""baseTime"": ""1530"", ""category"": ""RN1"", ""fcstDate"": ""20260602"", ""fcstTime"": ""2000"", ""fcstValue"": ""강수없음""}, {""nx"": 90, ""ny"": 111, ""baseDate"": ""20260602"", ""baseTime"": ""1530"", ""category"": ""SKY"", ""fcstDate"": ""20260602"", ""fcstTime"": ""2000"", ""fcstValue"": ""1""}, {""nx"": 90, ""ny"": 111, ""baseDate"": ""20260602"", ""baseTime"": ""1530"", ""category"": ""T1H"", ""fcstDate"": ""20260602"", ""fcstTime"": ""2000"", ""fcstValue"": ""23""}, {""nx"": 90, ""ny"": 111, ""baseDate"": ""20260602"", ""baseTime"": ""1530"", ""category"": ""REH"", ""fcstDate"": ""20260602"", ""fcstTime"": ""2000"", ""fcstValue"": ""70""}, {""nx"": 90, ""ny"": 111, ""baseDate"": ""20260602"", ""baseTime"": ""1530"", ""category"": ""UUU"", ""fcstDate"": ""20260602"", ""fcstTime"": ""2000"", ""fcstValue"": ""0""}, {""nx"": 90, ""ny"": 111, ""baseDate"": ""20260602"", ""baseTime"": ""1530"", ""category"": ""VVV"", ""fcstDate"": ""20260602"", ""fcstTime"": ""2000"", ""fcstValue"": ""-1.5""}, {""nx"": 90, ""ny"": 111, ""baseDate"": ""20260602"", ""baseTime"": ""1530"", ""category"": ""VEC"", ""fcstDate"": ""20260602"", ""fcstTime"": ""2000"", ""fcstValue"": ""0""}, {""nx"": 90, ""ny"": 111, ""baseDate"": ""20260602"", ""baseTime"": ""1530"", ""category"": ""WSD"", ""fcstDate"": ""20260602"", ""fcstTime"": ""2000"", ""fcstValue"": ""2""}]",2026-06-02 16:34:58,2026-06-02 16:34:58
2004101,2026-06-02 15:30:00,2026-06-02 21:00:00,90,111,21.0,0.0,0.0,0,KMA_ULTRA_FCST,"[{""nx"": 90, ""ny"": 111, ""baseDate"": ""20260602"", ""baseTime"": ""1530"", ""category"": ""LGT"", ""fcstDate"": ""20260602"", ""fcstTime"": ""2100"", ""fcstValue"": ""0""}, {""nx"": 90, ""ny"": 111, ""baseDate"": ""20260602"", ""baseTime"": ""1530"", ""category"": ""PTY"", ""fcstDate"": ""20260602"", ""fcstTime"": ""2100"", ""fcstValue"": ""0""}, {""nx"": 90, ""ny"": 111, ""baseDate"": ""20260602"", ""baseTime"": ""1530"", ""category"": ""RN1"", ""fcstDate"": ""20260602"", ""fcstTime"": ""2100"", ""fcstValue"": ""강수없음""}, {""nx"": 90, ""ny"": 111, ""baseDate"": ""20260602"", ""baseTime"": ""1530"", ""category"": ""SKY"", ""fcstDate"": ""20260602"", ""fcstTime"": ""2100"", ""fcstValue"": ""3""}, {""nx"": 90, ""ny"": 111, ""baseDate"": ""20260602"", ""baseTime"": ""1530"", ""category"": ""T1H"", ""fcstDate"": ""20260602"", ""fcstTime"": ""2100"", ""fcstValue"": ""21""}, {""nx"": 90, ""ny"": 111, ""baseDate"": ""20260602"", ""baseTime"": ""1530"", ""category"": ""REH"", ""fcstDate"": ""20260602"", ""fcstTime"": ""2100"", ""fcstValue"": ""80""}, {""nx"": 90, ""ny"": 111, ""baseDate"": ""20260602"", ""baseTime"": ""1530"", ""category"": ""UUU"", ""fcstDate"": ""20260602"", ""fcstTime"": ""2100"", ""fcstValue"": ""0""}, {""nx"": 90, ""ny"": 111, ""baseDate"": ""20260602"", ""baseTime"": ""1530"", ""category"": ""VVV"", ""fcstDate"": ""20260602"", ""fcstTime"": ""2100"", ""fcstValue"": ""-0.4""}, {""nx"": 90, ""ny"": 111, ""baseDate"": ""20260602"", ""baseTime"": ""1530"", ""category"": ""VEC"", ""fcstDate"": ""20260602"", ""fcstTime"": ""2100"", ""fcstValue"": ""0""}, {""nx"": 90, ""ny"": 111, ""baseDate"": ""20260602"", ""baseTime"": ""1530"", ""category"": ""WSD"", ""fcstDate"": ""20260602"", ""fcstTime"": ""2100"", ""fcstValue"": ""1""}]",2026-06-02 16:34:58,2026-06-02 16:34:58
2008101,2026-06-02 15:30:00,2026-06-02 16:00:00,90,96,22.0,0.0,0.0,0,KMA_ULTRA_FCST,"[{""nx"": 90, ""ny"": 96, ""baseDate"": ""20260602"", ""baseTime"": ""1530"", ""category"": ""LGT"", ""fcstDate"": ""20260602"", ""fcstTime"": ""1600"", ""fcstValue"": ""0""}, {""nx"": 90, ""ny"": 96, ""baseDate"": ""20260602"", ""baseTime"": ""1530"", ""category"": ""PTY"", ""fcstDate"": ""20260602"", ""fcstTime"": ""1600"", ""fcstValue"": ""0""}, {""nx"": 90, ""ny"": 96, ""baseDate"": ""20260602"", ""baseTime"": ""1530"", ""category"": ""RN1"", ""fcstDate"": ""20260602"", ""fcstTime"": ""1600"", ""fcstValue"": ""강수없음""}, {""nx"": 90, ""ny"": 96, ""baseDate"": ""20260602"", ""baseTime"": ""1530"", ""category"": ""SKY"", ""fcstDate"": ""20260602"", ""fcstTime"": ""1600"", ""fcstValue"": ""4""}, {""nx"": 90, ""ny"": 96, ""baseDate"": ""20260602"", ""baseTime"": ""1530"", ""category"": ""T1H"", ""fcstDate"": ""20260602"", ""fcstTime"": ""1600"", ""fcstValue"": ""22""}, {""nx"": 90, ""ny"": 96, ""baseDate"": ""20260602"", ""baseTime"": ""1530"", ""category"": ""REH"", ""fcstDate"": ""20260602"", ""fcstTime"": ""1600"", ""fcstValue"": ""70""}, {""nx"": 90, ""ny"": 96, ""baseDate"": ""20260602"", ""baseTime"": ""1530"", ""category"": ""UUU"", ""fcstDate"": ""20260602"", ""fcstTime"": ""1600"", ""fcstValue"": ""-2""}, {""nx"": 90, ""ny"": 96, ""baseDate"": ""20260602"", ""baseTime"": ""1530"", ""category"": ""VVV"", ""fcstDate"": ""20260602"", ""fcstTime"": ""1600"", ""fcstValue"": ""0.9""}, {""nx"": 90, ""ny"": 96, ""baseDate"": ""20260602"", ""baseTime"": ""1530"", ""category"": ""VEC"", ""fcstDate"": ""20260602"", ""fcstTime"": ""1600"", ""fcstValue"": ""113""}, {""nx"": 90, ""ny"": 96, ""baseDate"": ""20260602"", ""baseTime"": ""1530"", ""category"": ""WSD"", ""fcstDate"": ""20260602"", ""fcstTime"": ""1600"", ""fcstValue"": ""2""}]",2026-06-02 16:34:59,2026-06-02 16:34:59
2008101,2026-06-02 15:30:00,2026-06-02 17:00:00,90,96,21.0,0.0,0.0,0,KMA_ULTRA_FCST,"[{""nx"": 90, ""ny"": 96, ""baseDate"": ""20260602"", ""baseTime"": ""1530"", ""category"": ""LGT"", ""fcstDate"": ""20260602"", ""fcstTime"": ""1700"", ""fcstValue"": ""0""}, {""nx"": 90, ""ny"": 96, ""baseDate"": ""20260602"", ""baseTime"": ""1530"", ""category"": ""PTY"", ""fcstDate"": ""20260602"", ""fcstTime"": ""1700"", ""fcstValue"": ""0""}, {""nx"": 90, ""ny"": 96, ""baseDate"": ""20260602"", ""baseTime"": ""1530"", ""category"": ""RN1"", ""fcstDate"": ""20260602"", ""fcstTime"": ""1700"", ""fcstValue"": ""강수없음""}, {""nx"": 90, ""ny"": 96, ""baseDate"": ""20260602"", ""baseTime"": ""1530"", ""category"": ""SKY"", ""fcstDate"": ""20260602"", ""fcstTime"": ""1700"", ""fcstValue"": ""4""}, {""nx"": 90, ""ny"": 96, ""baseDate"": ""20260602"", ""baseTime"": ""1530"", ""category"": ""T1H"", ""fcstDate"": ""20260602"", ""fcstTime"": ""1700"", ""fcstValue"": ""21""}, {""nx"": 90, ""ny"": 96, ""baseDate"": ""20260602"", ""baseTime"": ""1530"", ""category"": ""REH"", ""fcstDate"": ""20260602"", ""fcstTime"": ""1700"", ""fcstValue"": ""70""}, {""nx"": 90, ""ny"": 96, ""baseDate"": ""20260602"", ""baseTime"": ""1530"", ""category"": ""UUU"", ""fcstDate"": ""20260602"", ""fcstTime"": ""1700"", ""fcstValue"": ""-0.9""}, {""nx"": 90, ""ny"": 96, ""baseDate"": ""20260602"", ""baseTime"": ""1530"", ""category"": ""VVV"", ""fcstDate"": ""20260602"", ""fcstTime"": ""1700"", ""fcstValue"": ""-0.8""}, {""nx"": 90, ""ny"": 96, ""baseDate"": ""20260602"", ""baseTime"": ""1530"", ""category"": ""VEC"", ""fcstDate"": ""20260602"", ""fcstTime"": ""1700"", ""fcstValue"": ""48""}, {""nx"": 90, ""ny"": 96, ""baseDate"": ""20260602"", ""baseTime"": ""1530"", ""category"": ""WSD"", ""fcstDate"": ""20260602"", ""fcstTime"": ""1700"", ""fcstValue"": ""1""}]",2026-06-02 16:34:59,2026-06-02 16:34:59
2008101,2026-06-02 15:30:00,2026-06-02 18:00:00,90,96,21.0,0.0,0.0,0,KMA_ULTRA_FCST,"[{""nx"": 90, ""ny"": 96, ""baseDate"": ""20260602"", ""baseTime"": ""1530"", ""category"": ""LGT"", ""fcstDate"": ""20260602"", ""fcstTime"": ""1800"", ""fcstValue"": ""0""}, {""nx"": 90, ""ny"": 96, ""baseDate"": ""20260602"", ""baseTime"": ""1530"", ""category"": ""PTY"", ""fcstDate"": ""20260602"", ""fcstTime"": ""1800"", ""fcstValue"": ""0""}, {""nx"": 90, ""ny"": 96, ""baseDate"": ""20260602"", ""baseTime"": ""1530"", ""category"": ""RN1"", ""fcstDate"": ""20260602"", ""fcstTime"": ""1800"", ""fcstValue"": ""강수없음""}, {""nx"": 90, ""ny"": 96, ""baseDate"": ""20260602"", ""baseTime"": ""1530"", ""category"": ""SKY"", ""fcstDate"": ""20260602"", ""fcstTime"": ""1800"", ""fcstValue"": ""4""}, {""nx"": 90, ""ny"": 96, ""baseDate"": ""20260602"", ""baseTime"": ""1530"", ""category"": ""T1H"", ""fcstDate"": ""20260602"", ""fcstTime"": ""1800"", ""fcstValue"": ""21""}, {""nx"": 90, ""ny"": 96, ""baseDate"": ""20260602"", ""baseTime"": ""1530"", ""category"": ""REH"", ""fcstDate"": ""20260602"", ""fcstTime"": ""1800"", ""fcstValue"": ""75""}, {""nx"": 90, ""ny"": 96, ""baseDate"": ""20260602"", ""baseTime"": ""1530"", ""category"": ""UUU"", ""fcstDate"": ""20260602"", ""fcstTime"": ""1800"", ""fcstValue"": ""0""}, {""nx"": 90, ""ny"": 96, ""baseDate"": ""20260602"", ""baseTime"": ""1530"", ""category"": ""VVV"", ""fcstDate"": ""20260602"", ""fcstTime"": ""1800"", ""fcstValue"": ""-1.8""}, {""nx"": 90, ""ny"": 96, ""baseDate"": ""20260602"", ""baseTime"": ""1530"", ""category"": ""VEC"", ""fcstDate"": ""20260602"", ""fcstTime"": ""1800"", ""fcstValue"": ""0""}, {""nx"": 90, ""ny"": 96, ""baseDate"": ""20260602"", ""baseTime"": ""1530"", ""category"": ""WSD"", ""fcstDate"": ""20260602"", ""fcstTime"": ""1800"", ""fcstValue"": ""2""}]",2026-06-02 16:34:59,2026-06-02 16:34:59
2008101,2026-06-02 15:30:00,2026-06-02 19:00:00,90,96,20.0,0.0,0.0,0,KMA_ULTRA_FCST,"[{""nx"": 90, ""ny"": 96, ""baseDate"": ""20260602"", ""baseTime"": ""1530"", ""category"": ""LGT"", ""fcstDate"": ""20260602"", ""fcstTime"": ""1900"", ""fcstValue"": ""0""}, {""nx"": 90, ""ny"": 96, ""baseDate"": ""20260602"", ""baseTime"": ""1530"", ""category"": ""PTY"", ""fcstDate"": ""20260602"", ""fcstTime"": ""1900"", ""fcstValue"": ""0""}, {""nx"": 90, ""ny"": 96, ""baseDate"": ""20260602"", ""baseTime"": ""1530"", ""category"": ""RN1"", ""fcstDate"": ""20260602"", ""fcstTime"": ""1900"", ""fcstValue"": ""강수없음""}, {""nx"": 90, ""ny"": 96, ""baseDate"": ""20260602"", ""baseTime"": ""1530"", ""category"": ""SKY"", ""fcstDate"": ""20260602"", ""fcstTime"": ""1900"", ""fcstValue"": ""4""}, {""nx"": 90, ""ny"": 96, ""baseDate"": ""20260602"", ""baseTime"": ""1530"", ""category"": ""T1H"", ""fcstDate"": ""20260602"", ""fcstTime"": ""1900"", ""fcstValue"": ""20""}, {""nx"": 90, ""ny"": 96, ""baseDate"": ""20260602"", ""baseTime"": ""1530"", ""category"": ""REH"", ""fcstDate"": ""20260602"", ""fcstTime"": ""1900"", ""fcstValue"": ""75""}, {""nx"": 90, ""ny"": 96, ""baseDate"": ""20260602"", ""baseTime"": ""1530"", ""category"": ""UUU"", ""fcstDate"": ""20260602"", ""fcstTime"": ""1900"", ""fcstValue"": ""0""}, {""nx"": 90, ""ny"": 96, ""baseDate"": ""20260602"", ""baseTime"": ""1530"", ""category"": ""VVV"", ""fcstDate"": ""20260602"", ""fcstTime"": ""1900"", ""fcstValue"": ""-1.2""}, {""nx"": 90, ""ny"": 96, ""baseDate"": ""20260602"", ""baseTime"": ""1530"", ""category"": ""VEC"", ""fcstDate"": ""20260602"", ""fcstTime"": ""1900"", ""fcstValue"": ""0""}, {""nx"": 90, ""ny"": 96, ""baseDate"": ""20260602"", ""baseTime"": ""1530"", ""category"": ""WSD"", ""fcstDate"": ""20260602"", ""fcstTime"": ""1900"", ""fcstValue"": ""1""}]",2026-06-02 16:34:59,2026-06-02 16:34:59
2008101,2026-06-02 15:30:00,2026-06-02 20:00:00,90,96,20.0,0.0,0.0,0,KMA_ULTRA_FCST,"[{""nx"": 90, ""ny"": 96, ""baseDate"": ""20260602"", ""baseTime"": ""1530"", ""category"": ""LGT"", ""fcstDate"": ""20260602"", ""fcstTime"": ""2000"", ""fcstValue"": ""0""}, {""nx"": 90, ""ny"": 96, ""baseDate"": ""20260602"", ""baseTime"": ""1530"", ""category"": ""PTY"", ""fcstDate"": ""20260602"", ""fcstTime"": ""2000"", ""fcstValue"": ""0""}, {""nx"": 90, ""ny"": 96, ""baseDate"": ""20260602"", ""baseTime"": ""1530"", ""category"": ""RN1"", ""fcstDate"": ""20260602"", ""fcstTime"": ""2000"", ""fcstValue"": ""강수없음""}, {""nx"": 90, ""ny"": 96, ""baseDate"": ""20260602"", ""baseTime"": ""1530"", ""category"": ""SKY"", ""fcstDate"": ""20260602"", ""fcstTime"": ""2000"", ""fcstValue"": ""4""}, {""nx"": 90, ""ny"": 96, ""baseDate"": ""20260602"", ""baseTime"": ""1530"", ""category"": ""T1H"", ""fcstDate"": ""20260602"", ""fcstTime"": ""2000"", ""fcstValue"": ""20""}, {""nx"": 90, ""ny"": 96, ""baseDate"": ""20260602"", ""baseTime"": ""1530"", ""category"": ""REH"", ""fcstDate"": ""20260602"", ""fcstTime"": ""2000"", ""fcstValue"": ""85""}, {""nx"": 90, ""ny"": 96, ""baseDate"": ""20260602"", ""baseTime"": ""1530"", ""category"": ""UUU"", ""fcstDate"": ""20260602"", ""fcstTime"": ""2000"", ""fcstValue"": ""0""}, {""nx"": 90, ""ny"": 96, ""baseDate"": ""20260602"", ""baseTime"": ""1530"", ""category"": ""VVV"", ""fcstDate"": ""20260602"", ""fcstTime"": ""2000"", ""fcstValue"": ""-1""}, {""nx"": 90, ""ny"": 96, ""baseDate"": ""20260602"", ""baseTime"": ""1530"", ""category"": ""VEC"", ""fcstDate"": ""20260602"", ""fcstTime"": ""2000"", ""fcstValue"": ""0""}, {""nx"": 90, ""ny"": 96, ""baseDate"": ""20260602"", ""baseTime"": ""1530"", ""category"": ""WSD"", ""fcstDate"": ""20260602"", ""fcstTime"": ""2000"", ""fcstValue"": ""1""}]",2026-06-02 16:34:59,2026-06-02 16:34:59
2008101,2026-06-02 15:30:00,2026-06-02 21:00:00,90,96,19.0,0.0,0.0,0,KMA_ULTRA_FCST,"[{""nx"": 90, ""ny"": 96, ""baseDate"": ""20260602"", ""baseTime"": ""1530"", ""category"": ""LGT"", ""fcstDate"": ""20260602"", ""fcstTime"": ""2100"", ""fcstValue"": ""0""}, {""nx"": 90, ""ny"": 96, ""baseDate"": ""20260602"", ""baseTime"": ""1530"", ""category"": ""PTY"", ""fcstDate"": ""20260602"", ""fcstTime"": ""2100"", ""fcstValue"": ""0""}, {""nx"": 90, ""ny"": 96, ""baseDate"": ""20260602"", ""baseTime"": ""1530"", ""category"": ""RN1"", ""fcstDate"": ""20260602"", ""fcstTime"": ""2100"", ""fcstValue"": ""강수없음""}, {""nx"": 90, ""ny"": 96, ""baseDate"": ""20260602"", ""baseTime"": ""1530"", ""category"": ""SKY"", ""fcstDate"": ""20260602"", ""fcstTime"": ""2100"", ""fcstValue"": ""4""}, {""nx"": 90, ""ny"": 96, ""baseDate"": ""20260602"", ""baseTime"": ""1530"", ""category"": ""T1H"", ""fcstDate"": ""20260602"", ""fcstTime"": ""2100"", ""fcstValue"": ""19""}, {""nx"": 90, ""ny"": 96, ""baseDate"": ""20260602"", ""baseTime"": ""1530"", ""category"": ""REH"", ""fcstDate"": ""20260602"", ""fcstTime"": ""2100"", ""fcstValue"": ""85""}, {""nx"": 90, ""ny"": 96, ""baseDate"": ""20260602"", ""baseTime"": ""1530"", ""category"": ""UUU"", ""fcstDate"": ""20260602"", ""fcstTime"": ""2100"", ""fcstValue"": ""0""}, {""nx"": 90, ""ny"": 96, ""baseDate"": ""20260602"", ""baseTime"": ""1530"", ""category"": ""VVV"", ""fcstDate"": ""20260602"", ""fcstTime"": ""2100"", ""fcstValue"": ""0""}, {""nx"": 90, ""ny"": 96, ""baseDate"": ""20260602"", ""baseTime"": ""1530"", ""category"": ""VEC"", ""fcstDate"": ""20260602"", ""fcstTime"": ""2100"", ""fcstValue"": ""270""}, {""nx"": 90, ""ny"": 96, ""baseDate"": ""20260602"", ""baseTime"": ""1530"", ""category"": ""WSD"", ""fcstDate"": ""20260602"", ""fcstTime"": ""2100"", ""fcstValue"": ""0.1""}]",2026-06-02 16:34:59,2026-06-02 16:34:59
2012101,2026-06-02 15:30:00,2026-06-02 16:00:00,94,97,22.0,0.0,0.0,0,KMA_ULTRA_FCST,"[{""nx"": 94, ""ny"": 97, ""baseDate"": ""20260602"", ""baseTime"": ""1530"", ""category"": ""LGT"", ""fcstDate"": ""20260602"", ""fcstTime"": ""1600"", ""fcstValue"": ""0""}, {""nx"": 94, ""ny"": 97, ""baseDate"": ""20260602"", ""baseTime"": ""1530"", ""category"": ""PTY"", ""fcstDate"": ""20260602"", ""fcstTime"": ""1600"", ""fcstValue"": ""0""}, {""nx"": 94, ""ny"": 97, ""baseDate"": ""20260602"", ""baseTime"": ""1530"", ""category"": ""RN1"", ""fcstDate"": ""20260602"", ""fcstTime"": ""1600"", ""fcstValue"": ""강수없음""}, {""nx"": 94, ""ny"": 97, ""baseDate"": ""20260602"", ""baseTime"": ""1530"", ""category"": ""SKY"", ""fcstDate"": ""20260602"", ""fcstTime"": ""1600"", ""fcstValue"": ""4""}, {""nx"": 94, ""ny"": 97, ""baseDate"": ""20260602"", ""baseTime"": ""1530"", ""category"": ""T1H"", ""fcstDate"": ""20260602"", ""fcstTime"": ""1600"", ""fcstValue"": ""22""}, {""nx"": 94, ""ny"": 97, ""baseDate"": ""20260602"", ""baseTime"": ""1530"", ""category"": ""REH"", ""fcstDate"": ""20260602"", ""fcstTime"": ""1600"", ""fcstValue"": ""80""}, {""nx"": 94, ""ny"": 97, ""baseDate"": ""20260602"", ""baseTime"": ""1530"", ""category"": ""UUU"", ""fcstDate"": ""20260602"", ""fcstTime"": ""1600"", ""fcstValue"": ""0""}, {""nx"": 94, ""ny"": 97, ""baseDate"": ""20260602"", ""baseTime"": ""1530"", ""category"": ""VVV"", ""fcstDate"": ""20260602"", ""fcstTime"": ""1600"", ""fcstValue"": ""-1.4""}, {""nx"": 94, ""ny"": 97, ""baseDate"": ""20260602"", ""baseTime"": ""1530"", ""category"": ""VEC"", ""fcstDate"": ""20260602"", ""fcstTime"": ""1600"", ""fcstValue"": ""4""}, {""nx"": 94, ""ny"": 97, ""baseDate"": ""20260602"", ""baseTime"": ""1530"", ""category"": ""WSD"", ""fcstDate"": ""20260602"", ""fcstTime"": ""1600"", ""fcstValue"": ""2""}]",2026-06-02 16:35:01,2026-06-02 16:35:01
2012101,2026-06-02 15:30:00,2026-06-02 17:00:00,94,97,21.0,0.0,0.0,0,KMA_ULTRA_FCST,"[{""nx"": 94, ""ny"": 97, ""baseDate"": ""20260602"", ""baseTime"": ""1530"", ""category"": ""LGT"", ""fcstDate"": ""20260602"", ""fcstTime"": ""1700"", ""fcstValue"": ""0""}, {""nx"": 94, ""ny"": 97, ""baseDate"": ""20260602"", ""baseTime"": ""1530"", ""category"": ""PTY"", ""fcstDate"": ""20260602"", ""fcstTime"": ""1700"", ""fcstValue"": ""0""}, {""nx"": 94, ""ny"": 97, ""baseDate"": ""20260602"", ""baseTime"": ""1530"", ""category"": ""RN1"", ""fcstDate"": ""20260602"", ""fcstTime"": ""1700"", ""fcstValue"": ""강수없음""}, {""nx"": 94, ""ny"": 97, ""baseDate"": ""20260602"", ""baseTime"": ""1530"", ""category"": ""SKY"", ""fcstDate"": ""20260602"", ""fcstTime"": ""1700"", ""fcstValue"": ""4""}, {""nx"": 94, ""ny"": 97, ""baseDate"": ""20260602"", ""baseTime"": ""1530"", ""category"": ""T1H"", ""fcstDate"": ""20260602"", ""fcstTime"": ""1700"", ""fcstValue"": ""21""}, {""nx"": 94, ""ny"": 97, ""baseDate"": ""20260602"", ""baseTime"": ""1530"", ""category"": ""REH"", ""fcstDate"": ""20260602"", ""fcstTime"": ""1700"", ""fcstValue"": ""80""}, {""nx"": 94, ""ny"": 97, ""baseDate"": ""20260602"", ""baseTime"": ""1530"", ""category"": ""UUU"", ""fcstDate"": ""20260602"", ""fcstTime"": ""1700"", ""fcstValue"": ""0.4""}, {""nx"": 94, ""ny"": 97, ""baseDate"": ""20260602"", ""baseTime"": ""1530"", ""category"": ""VVV"", ""fcstDate"": ""20260602"", ""fcstTime"": ""1700"", ""fcstValue"": ""-2.7""}, {""nx"": 94, ""ny"": 97, ""baseDate"": ""20260602"", ""baseTime"": ""1530"", ""category"": ""VEC"", ""fcstDate"": ""20260602"", ""fcstTime"": ""1700"", ""fcstValue"": ""352""}, {""nx"": 94, ""ny"": 97, ""baseDate"": ""20260602"", ""baseTime"": ""1530"", ""category"": ""WSD"", ""fcstDate"": ""20260602"", ""fcstTime"": ""1700"", ""fcstValue"": ""3""}]",2026-06-02 16:35:01,2026-06-02 16:35:01
2012101,2026-06-02 15:30:00,2026-06-02 18:00:00,94,97,20.0,0.0,0.0,0,KMA_ULTRA_FCST,"[{""nx"": 94, ""ny"": 97, ""baseDate"": ""20260602"", ""baseTime"": ""1530"", ""category"": ""LGT"", ""fcstDate"": ""20260602"", ""fcstTime"": ""1800"", ""fcstValue"": ""0""}, {""nx"": 94, ""ny"": 97, ""baseDate"": ""20260602"", ""baseTime"": ""1530"", ""category"": ""PTY"", ""fcstDate"": ""20260602"", ""fcstTime"": ""1800"", ""fcstValue"": ""0""}, {""nx"": 94, ""ny"": 97, ""baseDate"": ""20260602"", ""baseTime"": ""1530"", ""category"": ""RN1"", ""fcstDate"": ""20260602"", ""fcstTime"": ""1800"", ""fcstValue"": ""강수없음""}, {""nx"": 94, ""ny"": 97, ""baseDate"": ""20260602"", ""baseTime"": ""1530"", ""category"": ""SKY"", ""fcstDate"": ""20260602"", ""fcstTime"": ""1800"", ""fcstValue"": ""4""}, {""nx"": 94, ""ny"": 97, ""baseDate"": ""20260602"", ""baseTime"": ""1530"", ""category"": ""T1H"", ""fcstDate"": ""20260602"", ""fcstTime"": ""1800"", ""fcstValue"": ""20""}, {""nx"": 94, ""ny"": 97, ""baseDate"": ""20260602"", ""baseTime"": ""1530"", ""category"": ""REH"", ""fcstDate"": ""20260602"", ""fcstTime"": ""1800"", ""fcstValue"": ""75""}, {""nx"": 94, ""ny"": 97, ""baseDate"": ""20260602"", ""baseTime"": ""1530"", ""category"": ""UUU"", ""fcstDate"": ""20260602"", ""fcstTime"": ""1800"", ""fcstValue"": ""0.7""}, {""nx"": 94, ""ny"": 97, ""baseDate"": ""20260602"", ""baseTime"": ""1530"", ""category"": ""VVV"", ""fcstDate"": ""20260602"", ""fcstTime"": ""1800"", ""fcstValue"": ""-2.9""}, {""nx"": 94, ""ny"": 97, ""baseDate"": ""20260602"", ""baseTime"": ""1530"", ""category"": ""VEC"", ""fcstDate"": ""20260602"", ""fcstTime"": ""1800"", ""fcstValue"": ""347""}, {""nx"": 94, ""ny"": 97, ""baseDate"": ""20260602"", ""baseTime"": ""1530"", ""category"": ""WSD"", ""fcstDate"": ""20260602"", ""fcstTime"": ""1800"", ""fcstValue"": ""3""}]",2026-06-02 16:35:01,2026-06-02 16:35:01
2012101,2026-06-02 15:30:00,2026-06-02 19:00:00,94,97,20.0,0.0,0.0,0,KMA_ULTRA_FCST,"[{""nx"": 94, ""ny"": 97, ""baseDate"": ""20260602"", ""baseTime"": ""1530"", ""category"": ""LGT"", ""fcstDate"": ""20260602"", ""fcstTime"": ""1900"", ""fcstValue"": ""0""}, {""nx"": 94, ""ny"": 97, ""baseDate"": ""20260602"", ""baseTime"": ""1530"", ""category"": ""PTY"", ""fcstDate"": ""20260602"", ""fcstTime"": ""1900"", ""fcstValue"": ""0""}, {""nx"": 94, ""ny"": 97, ""baseDate"": ""20260602"", ""baseTime"": ""1530"", ""category"": ""RN1"", ""fcstDate"": ""20260602"", ""fcstTime"": ""1900"", ""fcstValue"": ""강수없음""}, {""nx"": 94, ""ny"": 97, ""baseDate"": ""20260602"", ""baseTime"": ""1530"", ""category"": ""SKY"", ""fcstDate"": ""20260602"", ""fcstTime"": ""1900"", ""fcstValue"": ""4""}, {""nx"": 94, ""ny"": 97, ""baseDate"": ""20260602"", ""baseTime"": ""1530"", ""category"": ""T1H"", ""fcstDate"": ""20260602"", ""fcstTime"": ""1900"", ""fcstValue"": ""20""}, {""nx"": 94, ""ny"": 97, ""baseDate"": ""20260602"", ""baseTime"": ""1530"", ""category"": ""REH"", ""fcstDate"": ""20260602"", ""fcstTime"": ""1900"", ""fcstValue"": ""80""}, {""nx"": 94, ""ny"": 97, ""baseDate"": ""20260602"", ""baseTime"": ""1530"", ""category"": ""UUU"", ""fcstDate"": ""20260602"", ""fcstTime"": ""1900"", ""fcstValue"": ""0.3""}, {""nx"": 94, ""ny"": 97, ""baseDate"": ""20260602"", ""baseTime"": ""1530"", ""category"": ""VVV"", ""fcstDate"": ""20260602"", ""fcstTime"": ""1900"", ""fcstValue"": ""-1.6""}, {""nx"": 94, ""ny"": 97, ""baseDate"": ""20260602"", ""baseTime"": ""1530"", ""category"": ""VEC"", ""fcstDate"": ""20260602"", ""fcstTime"": ""1900"", ""fcstValue"": ""350""}, {""nx"": 94, ""ny"": 97, ""baseDate"": ""20260602"", ""baseTime"": ""1530"", ""category"": ""WSD"", ""fcstDate"": ""20260602"", ""fcstTime"": ""1900"", ""fcstValue"": ""2""}]",2026-06-02 16:35:01,2026-06-02 16:35:01
2012101,2026-06-02 15:30:00,2026-06-02 20:00:00,94,97,18.0,0.0,0.0,0,KMA_ULTRA_FCST,"[{""nx"": 94, ""ny"": 97, ""baseDate"": ""20260602"", ""baseTime"": ""1530"", ""category"": ""LGT"", ""fcstDate"": ""20260602"", ""fcstTime"": ""2000"", ""fcstValue"": ""0""}, {""nx"": 94, ""ny"": 97, ""baseDate"": ""20260602"", ""baseTime"": ""1530"", ""category"": ""PTY"", ""fcstDate"": ""20260602"", ""fcstTime"": ""2000"", ""fcstValue"": ""0""}, {""nx"": 94, ""ny"": 97, ""baseDate"": ""20260602"", ""baseTime"": ""1530"", ""category"": ""RN1"", ""fcstDate"": ""20260602"", ""fcstTime"": ""2000"", ""fcstValue"": ""강수없음""}, {""nx"": 94, ""ny"": 97, ""baseDate"": ""20260602"", ""baseTime"": ""1530"", ""category"": ""SKY"", ""fcstDate"": ""20260602"", ""fcstTime"": ""2000"", ""fcstValue"": ""4""}, {""nx"": 94, ""ny"": 97, ""baseDate"": ""20260602"", ""baseTime"": ""1530"", ""category"": ""T1H"", ""fcstDate"": ""20260602"", ""fcstTime"": ""2000"", ""fcstValue"": ""18""}, {""nx"": 94, ""ny"": 97, ""baseDate"": ""20260602"", ""baseTime"": ""1530"", ""category"": ""REH"", ""fcstDate"": ""20260602"", ""fcstTime"": ""2000"", ""fcstValue"": ""85""}, {""nx"": 94, ""ny"": 97, ""baseDate"": ""20260602"", ""baseTime"": ""1530"", ""category"": ""UUU"", ""fcstDate"": ""20260602"", ""fcstTime"": ""2000"", ""fcstValue"": ""-0.4""}, {""nx"": 94, ""ny"": 97, ""baseDate"": ""20260602"", ""baseTime"": ""1530"", ""category"": ""VVV"", ""fcstDate"": ""20260602"", ""fcstTime"": ""2000"", ""fcstValue"": ""-0.9""}, {""nx"": 94, ""ny"": 97, ""baseDate"": ""20260602"", ""baseTime"": ""1530"", ""category"": ""VEC"", ""fcstDate"": ""20260602"", ""fcstTime"": ""2000"", ""fcstValue"": ""27""}, {""nx"": 94, ""ny"": 97, ""baseDate"": ""20260602"", ""baseTime"": ""1530"", ""category"": ""WSD"", ""fcstDate"": ""20260602"", ""fcstTime"": ""2000"", ""fcstValue"": ""1""}]",2026-06-02 16:35:01,2026-06-02 16:35:01
2012101,2026-06-02 15:30:00,2026-06-02 21:00:00,94,97,18.0,0.0,0.0,0,KMA_ULTRA_FCST,"[{""nx"": 94, ""ny"": 97, ""baseDate"": ""20260602"", ""baseTime"": ""1530"", ""category"": ""LGT"", ""fcstDate"": ""20260602"", ""fcstTime"": ""2100"", ""fcstValue"": ""0""}, {""nx"": 94, ""ny"": 97, ""baseDate"": ""20260602"", ""baseTime"": ""1530"", ""category"": ""PTY"", ""fcstDate"": ""20260602"", ""fcstTime"": ""2100"", ""fcstValue"": ""0""}, {""nx"": 94, ""ny"": 97, ""baseDate"": ""20260602"", ""baseTime"": ""1530"", ""category"": ""RN1"", ""fcstDate"": ""20260602"", ""fcstTime"": ""2100"", ""fcstValue"": ""강수없음""}, {""nx"": 94, ""ny"": 97, ""baseDate"": ""20260602"", ""baseTime"": ""1530"", ""category"": ""SKY"", ""fcstDate"": ""20260602"", ""fcstTime"": ""2100"", ""fcstValue"": ""3""}, {""nx"": 94, ""ny"": 97, ""baseDate"": ""20260602"", ""baseTime"": ""1530"", ""category"": ""T1H"", ""fcstDate"": ""20260602"", ""fcstTime"": ""2100"", ""fcstValue"": ""18""}, {""nx"": 94, ""ny"": 97, ""baseDate"": ""20260602"", ""baseTime"": ""1530"", ""category"": ""REH"", ""fcstDate"": ""20260602"", ""fcstTime"": ""2100"", ""fcstValue"": ""80""}, {""nx"": 94, ""ny"": 97, ""baseDate"": ""20260602"", ""baseTime"": ""1530"", ""category"": ""UUU"", ""fcstDate"": ""20260602"", ""fcstTime"": ""2100"", ""fcstValue"": ""-1""}, {""nx"": 94, ""ny"": 97, ""baseDate"": ""20260602"", ""baseTime"": ""1530"", ""category"": ""VVV"", ""fcstDate"": ""20260602"", ""fcstTime"": ""2100"", ""fcstValue"": ""-0.8""}, {""nx"": 94, ""ny"": 97, ""baseDate"": ""20260602"", ""baseTime"": ""1530"", ""category"": ""VEC"", ""fcstDate"": ""20260602"", ""fcstTime"": ""2100"", ""fcstValue"": ""51""}, {""nx"": 94, ""ny"": 97, ""baseDate"": ""20260602"", ""baseTime"": ""1530"", ""category"": ""WSD"", ""fcstDate"": ""20260602"", ""fcstTime"": ""2100"", ""fcstValue"": ""1""}]",2026-06-02 16:35:01,2026-06-02 16:35:01
2015110,2026-06-02 15:30:00,2026-06-02 16:00:00,79,83,20.0,0.0,0.0,0,KMA_ULTRA_FCST,"[{""nx"": 79, ""ny"": 83, ""baseDate"": ""20260602"", ""baseTime"": ""1530"", ""category"": ""LGT"", ""fcstDate"": ""20260602"", ""fcstTime"": ""1600"", ""fcstValue"": ""0""}, {""nx"": 79, ""ny"": 83, ""baseDate"": ""20260602"", ""baseTime"": ""1530"", ""category"": ""PTY"", ""fcstDate"": ""20260602"", ""fcstTime"": ""1600"", ""fcstValue"": ""0""}, {""nx"": 79, ""ny"": 83, ""baseDate"": ""20260602"", ""baseTime"": ""1530"", ""category"": ""RN1"", ""fcstDate"": ""20260602"", ""fcstTime"": ""1600"", ""fcstValue"": ""강수없음""}, {""nx"": 79, ""ny"": 83, ""baseDate"": ""20260602"", ""baseTime"": ""1530"", ""category"": ""SKY"", ""fcstDate"": ""20260602"", ""fcstTime"": ""1600"", ""fcstValue"": ""4""}, {""nx"": 79, ""ny"": 83, ""baseDate"": ""20260602"", ""baseTime"": ""1530"", ""category"": ""T1H"", ""fcstDate"": ""20260602"", ""fcstTime"": ""1600"", ""fcstValue"": ""20""}, {""nx"": 79, ""ny"": 83, ""baseDate"": ""20260602"", ""baseTime"": ""1530"", ""category"": ""REH"", ""fcstDate"": ""20260602"", ""fcstTime"": ""1600"", ""fcstValue"": ""85""}, {""nx"": 79, ""ny"": 83, ""baseDate"": ""20260602"", ""baseTime"": ""1530"", ""category"": ""UUU"", ""fcstDate"": ""20260602"", ""fcstTime"": ""1600"", ""fcstValue"": ""-0.6""}, {""nx"": 79, ""ny"": 83, ""baseDate"": ""20260602"", ""baseTime"": ""1530"", ""category"": ""VVV"", ""fcstDate"": ""20260602"", ""fcstTime"": ""1600"", ""fcstValue"": ""-0.4""}, {""nx"": 79, ""ny"": 83, ""baseDate"": ""20260602"", ""baseTime"": ""1530"", ""category"": ""VEC"", ""fcstDate"": ""20260602"", ""fcstTime"": ""1600"", ""fcstValue"": ""54""}, {""nx"": 79, ""ny"": 83, ""baseDate"": ""20260602"", ""baseTime"": ""1530"", ""category"": ""WSD"", ""fcstDate"": ""20260602"", ""fcstTime"": ""1600"", ""fcstValue"": ""1""}]",2026-06-02 16:35:05,2026-06-02 16:35:05
2015110,2026-06-02 15:30:00,2026-06-02 17:00:00,79,83,20.0,0.0,0.0,0,KMA_ULTRA_FCST,"[{""nx"": 79, ""ny"": 83, ""baseDate"": ""20260602"", ""baseTime"": ""1530"", ""category"": ""LGT"", ""fcstDate"": ""20260602"", ""fcstTime"": ""1700"", ""fcstValue"": ""0""}, {""nx"": 79, ""ny"": 83, ""baseDate"": ""20260602"", ""baseTime"": ""1530"", ""category"": ""PTY"", ""fcstDate"": ""20260602"", ""fcstTime"": ""1700"", ""fcstValue"": ""0""}, {""nx"": 79, ""ny"": 83, ""baseDate"": ""20260602"", ""baseTime"": ""1530"", ""category"": ""RN1"", ""fcstDate"": ""20260602"", ""fcstTime"": ""1700"", ""fcstValue"": ""강수없음""}, {""nx"": 79, ""ny"": 83, ""baseDate"": ""20260602"", ""baseTime"": ""1530"", ""category"": ""SKY"", ""fcstDate"": ""20260602"", ""fcstTime"": ""1700"", ""fcstValue"": ""3""}, {""nx"": 79, ""ny"": 83, ""baseDate"": ""20260602"", ""baseTime"": ""1530"", ""category"": ""T1H"", ""fcstDate"": ""20260602"", ""fcstTime"": ""1700"", ""fcstValue"": ""20""}, {""nx"": 79, ""ny"": 83, ""baseDate"": ""20260602"", ""baseTime"": ""1530"", ""category"": ""REH"", ""fcstDate"": ""20260602"", ""fcstTime"": ""1700"", ""fcstValue"": ""80""}, {""nx"": 79, ""ny"": 83, ""baseDate"": ""20260602"", ""baseTime"": ""1530"", ""category"": ""UUU"", ""fcstDate"": ""20260602"", ""fcstTime"": ""1700"", ""fcstValue"": ""1.9""}, {""nx"": 79, ""ny"": 83, ""baseDate"": ""20260602"", ""baseTime"": ""1530"", ""category"": ""VVV"", ""fcstDate"": ""20260602"", ""fcstTime"": ""1700"", ""fcstValue"": ""-0.9""}, {""nx"": 79, ""ny"": 83, ""baseDate"": ""20260602"", ""baseTime"": ""1530"", ""category"": ""VEC"", ""fcstDate"": ""20260602"", ""fcstTime"": ""1700"", ""fcstValue"": ""298""}, {""nx"": 79, ""ny"": 83, ""baseDate"": ""20260602"", ""baseTime"": ""1530"", ""category"": ""WSD"", ""fcstDate"": ""20260602"", ""fcstTime"": ""1700"", ""fcstValue"": ""2""}]",2026-06-02 16:35:05,2026-06-02 16:35:05
2015110,2026-06-02 15:30:00,2026-06-02 18:00:00,79,83,21.0,0.0,0.0,0,KMA_ULTRA_FCST,"[{""nx"": 79, ""ny"": 83, ""baseDate"": ""20260602"", ""baseTime"": ""1530"", ""category"": ""LGT"", ""fcstDate"": ""20260602"", ""fcstTime"": ""1800"", ""fcstValue"": ""0""}, {""nx"": 79, ""ny"": 83, ""baseDate"": ""20260602"", ""baseTime"": ""1530"", ""category"": ""PTY"", ""fcstDate"": ""20260602"", ""fcstTime"": ""1800"", ""fcstValue"": ""0""}, {""nx"": 79, ""ny"": 83, ""baseDate"": ""20260602"", ""baseTime"": ""1530"", ""category"": ""RN1"", ""fcstDate"": ""20260602"", ""fcstTime"": ""1800"", ""fcstValue"": ""강수없음""}, {""nx"": 79, ""ny"": 83, ""baseDate"": ""20260602"", ""baseTime"": ""1530"", ""category"": ""SKY"", ""fcstDate"": ""20260602"", ""fcstTime"": ""1800"", ""fcstValue"": ""4""}, {""nx"": 79, ""ny"": 83, ""baseDate"": ""20260602"", ""baseTime"": ""1530"", ""category"": ""T1H"", ""fcstDate"": ""20260602"", ""fcstTime"": ""1800"", ""fcstValue"": ""21""}, {""nx"": 79, ""ny"": 83, ""baseDate"": ""20260602"", ""baseTime"": ""1530"", ""category"": ""REH"", ""fcstDate"": ""20260602"", ""fcstTime"": ""1800"", ""fcstValue"": ""75""}, {""nx"": 79, ""ny"": 83, ""baseDate"": ""20260602"", ""baseTime"": ""1530"", ""category"": ""UUU"", ""fcstDate"": ""20260602"", ""fcstTime"": ""1800"", ""fcstValue"": ""1.4""}, {""nx"": 79, ""ny"": 83, ""baseDate"": ""20260602"", ""baseTime"": ""1530"", ""category"": ""VVV"", ""fcstDate"": ""20260602"", ""fcstTime"": ""1800"", ""fcstValue"": ""-1.6""}, {""nx"": 79, ""ny"": 83, ""baseDate"": ""20260602"", ""baseTime"": ""1530"", ""category"": ""VEC"", ""fcstDate"": ""20260602"", ""fcstTime"": ""1800"", ""fcstValue"": ""321""}, {""nx"": 79, ""ny"": 83, ""baseDate"": ""20260602"", ""baseTime"": ""1530"", ""category"": ""WSD"", ""fcstDate"": ""20260602"", ""fcstTime"": ""1800"", ""fcstValue"": ""2""}]",2026-06-02 16:35:05,2026-06-02 16:35:05
2015110,2026-06-02 15:30:00,2026-06-02 19:00:00,79,83,21.0,0.0,0.0,0,KMA_ULTRA_FCST,"[{""nx"": 79, ""ny"": 83, ""baseDate"": ""20260602"", ""baseTime"": ""1530"", ""category"": ""LGT"", ""fcstDate"": ""20260602"", ""fcstTime"": ""1900"", ""fcstValue"": ""0""}, {""nx"": 79, ""ny"": 83, ""baseDate"": ""20260602"", ""baseTime"": ""1530"", ""category"": ""PTY"", ""fcstDate"": ""20260602"", ""fcstTime"": ""1900"", ""fcstValue"": ""0""}, {""nx"": 79, ""ny"": 83, ""baseDate"": ""20260602"", ""baseTime"": ""1530"", ""category"": ""RN1"", ""fcstDate"": ""20260602"", ""fcstTime"": ""1900"", ""fcstValue"": ""강수없음""}, {""nx"": 79, ""ny"": 83, ""baseDate"": ""20260602"", ""baseTime"": ""1530"", ""category"": ""SKY"", ""fcstDate"": ""20260602"", ""fcstTime"": ""1900"", ""fcstValue"": ""3""}, {""nx"": 79, ""ny"": 83, ""baseDate"": ""20260602"", ""baseTime"": ""1530"", ""category"": ""T1H"", ""fcstDate"": ""20260602"", ""fcstTime"": ""1900"", ""fcstValue"": ""21""}, {""nx"": 79, ""ny"": 83, ""baseDate"": ""20260602"", ""baseTime"": ""1530"", ""category"": ""REH"", ""fcstDate"": ""20260602"", ""fcstTime"": ""1900"", ""fcstValue"": ""75""}, {""nx"": 79, ""ny"": 83, ""baseDate"": ""20260602"", ""baseTime"": ""1530"", ""category"": ""UUU"", ""fcstDate"": ""20260602"", ""fcstTime"": ""1900"", ""fcstValue"": ""0.6""}, {""nx"": 79, ""ny"": 83, ""baseDate"": ""20260602"", ""baseTime"": ""1530"", ""category"": ""VVV"", ""fcstDate"": ""20260602"", ""fcstTime"": ""1900"", ""fcstValue"": ""-1.7""}, {""nx"": 79, ""ny"": 83, ""baseDate"": ""20260602"", ""baseTime"": ""1530"", ""category"": ""VEC"", ""fcstDate"": ""20260602"", ""fcstTime"": ""1900"", ""fcstValue"": ""342""}, {""nx"": 79, ""ny"": 83, ""baseDate"": ""20260602"", ""baseTime"": ""1530"", ""category"": ""WSD"", ""fcstDate"": ""20260602"", ""fcstTime"": ""1900"", ""fcstValue"": ""2""}]",2026-06-02 16:35:05,2026-06-02 16:35:05
2015110,2026-06-02 15:30:00,2026-06-02 20:00:00,79,83,21.0,0.0,0.0,0,KMA_ULTRA_FCST,"[{""nx"": 79, ""ny"": 83, ""baseDate"": ""20260602"", ""baseTime"": ""1530"", ""category"": ""LGT"", ""fcstDate"": ""20260602"", ""fcstTime"": ""2000"", ""fcstValue"": ""0""}, {""nx"": 79, ""ny"": 83, ""baseDate"": ""20260602"", ""baseTime"": ""1530"", ""category"": ""PTY"", ""fcstDate"": ""20260602"", ""fcstTime"": ""2000"", ""fcstValue"": ""0""}, {""nx"": 79, ""ny"": 83, ""baseDate"": ""20260602"", ""baseTime"": ""1530"", ""category"": ""RN1"", ""fcstDate"": ""20260602"", ""fcstTime"": ""2000"", ""fcstValue"": ""강수없음""}, {""nx"": 79, ""ny"": 83, ""baseDate"": ""20260602"", ""baseTime"": ""1530"", ""category"": ""SKY"", ""fcstDate"": ""20260602"", ""fcstTime"": ""2000"", ""fcstValue"": ""4""}, {""nx"": 79, ""ny"": 83, ""baseDate"": ""20260602"", ""baseTime"": ""1530"", ""category"": ""T1H"", ""fcstDate"": ""20260602"", ""fcstTime"": ""2000"", ""fcstValue"": ""21""}, {""nx"": 79, ""ny"": 83, ""baseDate"": ""20260602"", ""baseTime"": ""1530"", ""category"": ""REH"", ""fcstDate"": ""20260602"", ""fcstTime"": ""2000"", ""fcstValue"": ""75""}, {""nx"": 79, ""ny"": 83, ""baseDate"": ""20260602"", ""baseTime"": ""1530"", ""category"": ""UUU"", ""fcstDate"": ""20260602"", ""fcstTime"": ""2000"", ""fcstValue"": ""0.1""}, {""nx"": 79, ""ny"": 83, ""baseDate"": ""20260602"", ""baseTime"": ""1530"", ""category"": ""VVV"", ""fcstDate"": ""20260602"", ""fcstTime"": ""2000"", ""fcstValue"": ""-1.5""}, {""nx"": 79, ""ny"": 83, ""baseDate"": ""20260602"", ""baseTime"": ""1530"", ""category"": ""VEC"", ""fcstDate"": ""20260602"", ""fcstTime"": ""2000"", ""fcstValue"": ""356""}, {""nx"": 79, ""ny"": 83, ""baseDate"": ""20260602"", ""baseTime"": ""1530"", ""category"": ""WSD"", ""fcstDate"": ""20260602"", ""fcstTime"": ""2000"", ""fcstValue"": ""2""}]",2026-06-02 16:35:05,2026-06-02 16:35:05
2015110,2026-06-02 15:30:00,2026-06-02 21:00:00,79,83,20.0,0.0,0.0,0,KMA_ULTRA_FCST,"[{""nx"": 79, ""ny"": 83, ""baseDate"": ""20260602"", ""baseTime"": ""1530"", ""category"": ""LGT"", ""fcstDate"": ""20260602"", ""fcstTime"": ""2100"", ""fcstValue"": ""0""}, {""nx"": 79, ""ny"": 83, ""baseDate"": ""20260602"", ""baseTime"": ""1530"", ""category"": ""PTY"", ""fcstDate"": ""20260602"", ""fcstTime"": ""2100"", ""fcstValue"": ""0""}, {""nx"": 79, ""ny"": 83, ""baseDate"": ""20260602"", ""baseTime"": ""1530"", ""category"": ""RN1"", ""fcstDate"": ""20260602"", ""fcstTime"": ""2100"", ""fcstValue"": ""강수없음""}, {""nx"": 79, ""ny"": 83, ""baseDate"": ""20260602"", ""baseTime"": ""1530"", ""category"": ""SKY"", ""fcstDate"": ""20260602"", ""fcstTime"": ""2100"", ""fcstValue"": ""4""}, {""nx"": 79, ""ny"": 83, ""baseDate"": ""20260602"", ""baseTime"": ""1530"", ""category"": ""T1H"", ""fcstDate"": ""20260602"", ""fcstTime"": ""2100"", ""fcstValue"": ""20""}, {""nx"": 79, ""ny"": 83, ""baseDate"": ""20260602"", ""baseTime"": ""1530"", ""category"": ""REH"", ""fcstDate"": ""20260602"", ""fcstTime"": ""2100"", ""fcstValue"": ""80""}, {""nx"": 79, ""ny"": 83, ""baseDate"": ""20260602"", ""baseTime"": ""1530"", ""category"": ""UUU"", ""fcstDate"": ""20260602"", ""fcstTime"": ""2100"", ""fcstValue"": ""0""}, {""nx"": 79, ""ny"": 83, ""baseDate"": ""20260602"", ""baseTime"": ""1530"", ""category"": ""VVV"", ""fcstDate"": ""20260602"", ""fcstTime"": ""2100"", ""fcstValue"": ""-1.2""}, {""nx"": 79, ""ny"": 83, ""baseDate"": ""20260602"", ""baseTime"": ""1530"", ""category"": ""VEC"", ""fcstDate"": ""20260602"", ""fcstTime"": ""2100"", ""fcstValue"": ""0""}, {""nx"": 79, ""ny"": 83, ""baseDate"": ""20260602"", ""baseTime"": ""1530"", ""category"": ""WSD"", ""fcstDate"": ""20260602"", ""fcstTime"": ""2100"", ""fcstValue"": ""1""}]",2026-06-02 16:35:05,2026-06-02 16:35:05
2018110,2026-06-02 15:30:00,2026-06-02 16:00:00,79,75,23.0,0.0,0.0,0,KMA_ULTRA_FCST,"[{""nx"": 79, ""ny"": 75, ""baseDate"": ""20260602"", ""baseTime"": ""1530"", ""category"": ""LGT"", ""fcstDate"": ""20260602"", ""fcstTime"": ""1600"", ""fcstValue"": ""0""}, {""nx"": 79, ""ny"": 75, ""baseDate"": ""20260602"", ""baseTime"": ""1530"", ""category"": ""PTY"", ""fcstDate"": ""20260602"", ""fcstTime"": ""1600"", ""fcstValue"": ""0""}, {""nx"": 79, ""ny"": 75, ""baseDate"": ""20260602"", ""baseTime"": ""1530"", ""category"": ""RN1"", ""fcstDate"": ""20260602"", ""fcstTime"": ""1600"", ""fcstValue"": ""강수없음""}, {""nx"": 79, ""ny"": 75, ""baseDate"": ""20260602"", ""baseTime"": ""1530"", ""category"": ""SKY"", ""fcstDate"": ""20260602"", ""fcstTime"": ""1600"", ""fcstValue"": ""4""}, {""nx"": 79, ""ny"": 75, ""baseDate"": ""20260602"", ""baseTime"": ""1530"", ""category"": ""T1H"", ""fcstDate"": ""20260602"", ""fcstTime"": ""1600"", ""fcstValue"": ""23""}, {""nx"": 79, ""ny"": 75, ""baseDate"": ""20260602"", ""baseTime"": ""1530"", ""category"": ""REH"", ""fcstDate"": ""20260602"", ""fcstTime"": ""1600"", ""fcstValue"": ""85""}, {""nx"": 79, ""ny"": 75, ""baseDate"": ""20260602"", ""baseTime"": ""1530"", ""category"": ""UUU"", ""fcstDate"": ""20260602"", ""fcstTime"": ""1600"", ""fcstValue"": ""0.3""}, {""nx"": 79, ""ny"": 75, ""baseDate"": ""20260602"", ""baseTime"": ""1530"", ""category"": ""VVV"", ""fcstDate"": ""20260602"", ""fcstTime"": ""1600"", ""fcstValue"": ""-1.3""}, {""nx"": 79, ""ny"": 75, ""baseDate"": ""20260602"", ""baseTime"": ""1530"", ""category"": ""VEC"", ""fcstDate"": ""20260602"", ""fcstTime"": ""1600"", ""fcstValue"": ""348""}, {""nx"": 79, ""ny"": 75, ""baseDate"": ""20260602"", ""baseTime"": ""1530"", ""category"": ""WSD"", ""fcstDate"": ""20260602"", ""fcstTime"": ""1600"", ""fcstValue"": ""1""}]",2026-06-02 16:35:07,2026-06-02 16:35:07
2018110,2026-06-02 15:30:00,2026-06-02 17:00:00,79,75,22.0,0.0,0.0,0,KMA_ULTRA_FCST,"[{""nx"": 79, ""ny"": 75, ""baseDate"": ""20260602"", ""baseTime"": ""1530"", ""category"": ""LGT"", ""fcstDate"": ""20260602"", ""fcstTime"": ""1700"", ""fcstValue"": ""0""}, {""nx"": 79, ""ny"": 75, ""baseDate"": ""20260602"", ""baseTime"": ""1530"", ""category"": ""PTY"", ""fcstDate"": ""20260602"", ""fcstTime"": ""1700"", ""fcstValue"": ""0""}, {""nx"": 79, ""ny"": 75, ""baseDate"": ""20260602"", ""baseTime"": ""1530"", ""category"": ""RN1"", ""fcstDate"": ""20260602"", ""fcstTime"": ""1700"", ""fcstValue"": ""강수없음""}, {""nx"": 79, ""ny"": 75, ""baseDate"": ""20260602"", ""baseTime"": ""1530"", ""category"": ""SKY"", ""fcstDate"": ""20260602"", ""fcstTime"": ""1700"", ""fcstValue"": ""3""}, {""nx"": 79, ""ny"": 75, ""baseDate"": ""20260602"", ""baseTime"": ""1530"", ""category"": ""T1H"", ""fcstDate"": ""20260602"", ""fcstTime"": ""1700"", ""fcstValue"": ""22""}, {""nx"": 79, ""ny"": 75, ""baseDate"": ""20260602"", ""baseTime"": ""1530"", ""category"": ""REH"", ""fcstDate"": ""20260602"", ""fcstTime"": ""1700"", ""fcstValue"": ""80""}, {""nx"": 79, ""ny"": 75, ""baseDate"": ""20260602"", ""baseTime"": ""1530"", ""category"": ""UUU"", ""fcstDate"": ""20260602"", ""fcstTime"": ""1700"", ""fcstValue"": ""1.9""}, {""nx"": 79, ""ny"": 75, ""baseDate"": ""20260602"", ""baseTime"": ""1530"", ""category"": ""VVV"", ""fcstDate"": ""20260602"", ""fcstTime"": ""1700"", ""fcstValue"": ""-1.1""}, {""nx"": 79, ""ny"": 75, ""baseDate"": ""20260602"", ""baseTime"": ""1530"", ""category"": ""VEC"", ""fcstDate"": ""20260602"", ""fcstTime"": ""1700"", ""fcstValue"": ""302""}, {""nx"": 79, ""ny"": 75, ""baseDate"": ""20260602"", ""baseTime"": ""1530"", ""category"": ""WSD"", ""fcstDate"": ""20260602"", ""fcstTime"": ""1700"", ""fcstValue"": ""2""}]",2026-06-02 16:35:07,2026-06-02 16:35:07
2018110,2026-06-02 15:30:00,2026-06-02 18:00:00,79,75,22.0,0.0,0.0,0,KMA_ULTRA_FCST,"[{""nx"": 79, ""ny"": 75, ""baseDate"": ""20260602"", ""baseTime"": ""1530"", ""category"": ""LGT"", ""fcstDate"": ""20260602"", ""fcstTime"": ""1800"", ""fcstValue"": ""0""}, {""nx"": 79, ""ny"": 75, ""baseDate"": ""20260602"", ""baseTime"": ""1530"", ""category"": ""PTY"", ""fcstDate"": ""20260602"", ""fcstTime"": ""1800"", ""fcstValue"": ""0""}, {""nx"": 79, ""ny"": 75, ""baseDate"": ""20260602"", ""baseTime"": ""1530"", ""category"": ""RN1"", ""fcstDate"": ""20260602"", ""fcstTime"": ""1800"", ""fcstValue"": ""강수없음""}, {""nx"": 79, ""ny"": 75, ""baseDate"": ""20260602"", ""baseTime"": ""1530"", ""category"": ""SKY"", ""fcstDate"": ""20260602"", ""fcstTime"": ""1800"", ""fcstValue"": ""3""}, {""nx"": 79, ""ny"": 75, ""baseDate"": ""20260602"", ""baseTime"": ""1530"", ""category"": ""T1H"", ""fcstDate"": ""20260602"", ""fcstTime"": ""1800"", ""fcstValue"": ""22""}, {""nx"": 79, ""ny"": 75, ""baseDate"": ""20260602"", ""baseTime"": ""1530"", ""category"": ""REH"", ""fcstDate"": ""20260602"", ""fcstTime"": ""1800"", ""fcstValue"": ""75""}, {""nx"": 79, ""ny"": 75, ""baseDate"": ""20260602"", ""baseTime"": ""1530"", ""category"": ""UUU"", ""fcstDate"": ""20260602"", ""fcstTime"": ""1800"", ""fcstValue"": ""1.8""}, {""nx"": 79, ""ny"": 75, ""baseDate"": ""20260602"", ""baseTime"": ""1530"", ""category"": ""VVV"", ""fcstDate"": ""20260602"", ""fcstTime"": ""1800"", ""fcstValue"": ""-2.7""}, {""nx"": 79, ""ny"": 75, ""baseDate"": ""20260602"", ""baseTime"": ""1530"", ""category"": ""VEC"", ""fcstDate"": ""20260602"", ""fcstTime"": ""1800"", ""fcstValue"": ""327""}, {""nx"": 79, ""ny"": 75, ""baseDate"": ""20260602"", ""baseTime"": ""1530"", ""category"": ""WSD"", ""fcstDate"": ""20260602"", ""fcstTime"": ""1800"", ""fcstValue"": ""3""}]",2026-06-02 16:35:07,2026-06-02 16:35:07
2018110,2026-06-02 15:30:00,2026-06-02 19:00:00,79,75,22.0,0.0,0.0,0,KMA_ULTRA_FCST,"[{""nx"": 79, ""ny"": 75, ""baseDate"": ""20260602"", ""baseTime"": ""1530"", ""category"": ""LGT"", ""fcstDate"": ""20260602"", ""fcstTime"": ""1900"", ""fcstValue"": ""0""}, {""nx"": 79, ""ny"": 75, ""baseDate"": ""20260602"", ""baseTime"": ""1530"", ""category"": ""PTY"", ""fcstDate"": ""20260602"", ""fcstTime"": ""1900"", ""fcstValue"": ""0""}, {""nx"": 79, ""ny"": 75, ""baseDate"": ""20260602"", ""baseTime"": ""1530"", ""category"": ""RN1"", ""fcstDate"": ""20260602"", ""fcstTime"": ""1900"", ""fcstValue"": ""강수없음""}, {""nx"": 79, ""ny"": 75, ""baseDate"": ""20260602"", ""baseTime"": ""1530"", ""category"": ""SKY"", ""fcstDate"": ""20260602"", ""fcstTime"": ""1900"", ""fcstValue"": ""3""}, {""nx"": 79, ""ny"": 75, ""baseDate"": ""20260602"", ""baseTime"": ""1530"", ""category"": ""T1H"", ""fcstDate"": ""20260602"", ""fcstTime"": ""1900"", ""fcstValue"": ""22""}, {""nx"": 79, ""ny"": 75, ""baseDate"": ""20260602"", ""baseTime"": ""1530"", ""category"": ""REH"", ""fcstDate"": ""20260602"", ""fcstTime"": ""1900"", ""fcstValue"": ""75""}, {""nx"": 79, ""ny"": 75, ""baseDate"": ""20260602"", ""baseTime"": ""1530"", ""category"": ""UUU"", ""fcstDate"": ""20260602"", ""fcstTime"": ""1900"", ""fcstValue"": ""0.6""}, {""nx"": 79, ""ny"": 75, ""baseDate"": ""20260602"", ""baseTime"": ""1530"", ""category"": ""VVV"", ""fcstDate"": ""20260602"", ""fcstTime"": ""1900"", ""fcstValue"": ""-2.3""}, {""nx"": 79, ""ny"": 75, ""baseDate"": ""20260602"", ""baseTime"": ""1530"", ""category"": ""VEC"", ""fcstDate"": ""20260602"", ""fcstTime"": ""1900"", ""fcstValue"": ""346""}, {""nx"": 79, ""ny"": 75, ""baseDate"": ""20260602"", ""baseTime"": ""1530"", ""category"": ""WSD"", ""fcstDate"": ""20260602"", ""fcstTime"": ""1900"", ""fcstValue"": ""2""}]",2026-06-02 16:35:07,2026-06-02 16:35:07
2018110,2026-06-02 15:30:00,2026-06-02 20:00:00,79,75,22.0,0.0,0.0,0,KMA_ULTRA_FCST,"[{""nx"": 79, ""ny"": 75, ""baseDate"": ""20260602"", ""baseTime"": ""1530"", ""category"": ""LGT"", ""fcstDate"": ""20260602"", ""fcstTime"": ""2000"", ""fcstValue"": ""0""}, {""nx"": 79, ""ny"": 75, ""baseDate"": ""20260602"", ""baseTime"": ""1530"", ""category"": ""PTY"", ""fcstDate"": ""20260602"", ""fcstTime"": ""2000"", ""fcstValue"": ""0""}, {""nx"": 79, ""ny"": 75, ""baseDate"": ""20260602"", ""baseTime"": ""1530"", ""category"": ""RN1"", ""fcstDate"": ""20260602"", ""fcstTime"": ""2000"", ""fcstValue"": ""강수없음""}, {""nx"": 79, ""ny"": 75, ""baseDate"": ""20260602"", ""baseTime"": ""1530"", ""category"": ""SKY"", ""fcstDate"": ""20260602"", ""fcstTime"": ""2000"", ""fcstValue"": ""4""}, {""nx"": 79, ""ny"": 75, ""baseDate"": ""20260602"", ""baseTime"": ""1530"", ""category"": ""T1H"", ""fcstDate"": ""20260602"", ""fcstTime"": ""2000"", ""fcstValue"": ""22""}, {""nx"": 79, ""ny"": 75, ""baseDate"": ""20260602"", ""baseTime"": ""1530"", ""category"": ""REH"", ""fcstDate"": ""20260602"", ""fcstTime"": ""2000"", ""fcstValue"": ""80""}, {""nx"": 79, ""ny"": 75, ""baseDate"": ""20260602"", ""baseTime"": ""1530"", ""category"": ""UUU"", ""fcstDate"": ""20260602"", ""fcstTime"": ""2000"", ""fcstValue"": ""0.2""}, {""nx"": 79, ""ny"": 75, ""baseDate"": ""20260602"", ""baseTime"": ""1530"", ""category"": ""VVV"", ""fcstDate"": ""20260602"", ""fcstTime"": ""2000"", ""fcstValue"": ""-1.9""}, {""nx"": 79, ""ny"": 75, ""baseDate"": ""20260602"", ""baseTime"": ""1530"", ""category"": ""VEC"", ""fcstDate"": ""20260602"", ""fcstTime"": ""2000"", ""fcstValue"": ""354""}, {""nx"": 79, ""ny"": 75, ""baseDate"": ""20260602"", ""baseTime"": ""1530"", ""category"": ""WSD"", ""fcstDate"": ""20260602"", ""fcstTime"": ""2000"", ""fcstValue"": ""2""}]",2026-06-02 16:35:07,2026-06-02 16:35:07
2018110,2026-06-02 15:30:00,2026-06-02 21:00:00,79,75,21.0,0.0,0.0,0,KMA_ULTRA_FCST,"[{""nx"": 79, ""ny"": 75, ""baseDate"": ""20260602"", ""baseTime"": ""1530"", ""category"": ""LGT"", ""fcstDate"": ""20260602"", ""fcstTime"": ""2100"", ""fcstValue"": ""0""}, {""nx"": 79, ""ny"": 75, ""baseDate"": ""20260602"", ""baseTime"": ""1530"", ""category"": ""PTY"", ""fcstDate"": ""20260602"", ""fcstTime"": ""2100"", ""fcstValue"": ""0""}, {""nx"": 79, ""ny"": 75, ""baseDate"": ""20260602"", ""baseTime"": ""1530"", ""category"": ""RN1"", ""fcstDate"": ""20260602"", ""fcstTime"": ""2100"", ""fcstValue"": ""강수없음""}, {""nx"": 79, ""ny"": 75, ""baseDate"": ""20260602"", ""baseTime"": ""1530"", ""category"": ""SKY"", ""fcstDate"": ""20260602"", ""fcstTime"": ""2100"", ""fcstValue"": ""4""}, {""nx"": 79, ""ny"": 75, ""baseDate"": ""20260602"", ""baseTime"": ""1530"", ""category"": ""T1H"", ""fcstDate"": ""20260602"", ""fcstTime"": ""2100"", ""fcstValue"": ""21""}, {""nx"": 79, ""ny"": 75, ""baseDate"": ""20260602"", ""baseTime"": ""1530"", ""category"": ""REH"", ""fcstDate"": ""20260602"", ""fcstTime"": ""2100"", ""fcstValue"": ""80""}, {""nx"": 79, ""ny"": 75, ""baseDate"": ""20260602"", ""baseTime"": ""1530"", ""category"": ""UUU"", ""fcstDate"": ""20260602"", ""fcstTime"": ""2100"", ""fcstValue"": ""0""}, {""nx"": 79, ""ny"": 75, ""baseDate"": ""20260602"", ""baseTime"": ""1530"", ""category"": ""VVV"", ""fcstDate"": ""20260602"", ""fcstTime"": ""2100"", ""fcstValue"": ""-2.4""}, {""nx"": 79, ""ny"": 75, ""baseDate"": ""20260602"", ""baseTime"": ""1530"", ""category"": ""VEC"", ""fcstDate"": ""20260602"", ""fcstTime"": ""2100"", ""fcstValue"": ""0""}, {""nx"": 79, ""ny"": 75, ""baseDate"": ""20260602"", ""baseTime"": ""1530"", ""category"": ""WSD"", ""fcstDate"": ""20260602"", ""fcstTime"": ""2100"", ""fcstValue"": ""3""}]",2026-06-02 16:35:07,2026-06-02 16:35:07
2021110,2026-06-02 15:30:00,2026-06-02 16:00:00,95,83,20.0,1.0,0.0,5,KMA_ULTRA_FCST,"[{""nx"": 95, ""ny"": 83, ""baseDate"": ""20260602"", ""baseTime"": ""1530"", ""category"": ""LGT"", ""fcstDate"": ""20260602"", ""fcstTime"": ""1600"", ""fcstValue"": ""0""}, {""nx"": 95, ""ny"": 83, ""baseDate"": ""20260602"", ""baseTime"": ""1530"", ""category"": ""PTY"", ""fcstDate"": ""20260602"", ""fcstTime"": ""1600"", ""fcstValue"": ""5""}, {""nx"": 95, ""ny"": 83, ""baseDate"": ""20260602"", ""baseTime"": ""1530"", ""category"": ""RN1"", ""fcstDate"": ""20260602"", ""fcstTime"": ""1600"", ""fcstValue"": ""1mm 미만""}, {""nx"": 95, ""ny"": 83, ""baseDate"": ""20260602"", ""baseTime"": ""1530"", ""category"": ""SKY"", ""fcstDate"": ""20260602"", ""fcstTime"": ""1600"", ""fcstValue"": ""4""}, {""nx"": 95, ""ny"": 83, ""baseDate"": ""20260602"", ""baseTime"": ""1530"", ""category"": ""T1H"", ""fcstDate"": ""20260602"", ""fcstTime"": ""1600"", ""fcstValue"": ""20""}, {""nx"": 95, ""ny"": 83, ""baseDate"": ""20260602"", ""baseTime"": ""1530"", ""category"": ""REH"", ""fcstDate"": ""20260602"", ""fcstTime"": ""1600"", ""fcstValue"": ""90""}, {""nx"": 95, ""ny"": 83, ""baseDate"": ""20260602"", ""baseTime"": ""1530"", ""category"": ""UUU"", ""fcstDate"": ""20260602"", ""fcstTime"": ""1600"", ""fcstValue"": ""0.4""}, {""nx"": 95, ""ny"": 83, ""baseDate"": ""20260602"", ""baseTime"": ""1530"", ""category"": ""VVV"", ""fcstDate"": ""20260602"", ""fcstTime"": ""1600"", ""fcstValue"": ""0""}, {""nx"": 95, ""ny"": 83, ""baseDate"": ""20260602"", ""baseTime"": ""1530"", ""category"": ""VEC"", ""fcstDate"": ""20260602"", ""fcstTime"": ""1600"", ""fcstValue"": ""270""}, {""nx"": 95, ""ny"": 83, ""baseDate"": ""20260602"", ""baseTime"": ""1530"", ""category"": ""WSD"", ""fcstDate"": ""20260602"", ""fcstTime"": ""1600"", ""fcstValue"": ""0.1""}]",2026-06-02 16:35:09,2026-06-02 16:35:09
2021110,2026-06-02 15:30:00,2026-06-02 17:00:00,95,83,20.0,0.0,0.0,0,KMA_ULTRA_FCST,"[{""nx"": 95, ""ny"": 83, ""baseDate"": ""20260602"", ""baseTime"": ""1530"", ""category"": ""LGT"", ""fcstDate"": ""20260602"", ""fcstTime"": ""1700"", ""fcstValue"": ""0""}, {""nx"": 95, ""ny"": 83, ""baseDate"": ""20260602"", ""baseTime"": ""1530"", ""category"": ""PTY"", ""fcstDate"": ""20260602"", ""fcstTime"": ""1700"", ""fcstValue"": ""0""}, {""nx"": 95, ""ny"": 83, ""baseDate"": ""20260602"", ""baseTime"": ""1530"", ""category"": ""RN1"", ""fcstDate"": ""20260602"", ""fcstTime"": ""1700"", ""fcstValue"": ""강수없음""}, {""nx"": 95, ""ny"": 83, ""baseDate"": ""20260602"", ""baseTime"": ""1530"", ""category"": ""SKY"", ""fcstDate"": ""20260602"", ""fcstTime"": ""1700"", ""fcstValue"": ""4""}, {""nx"": 95, ""ny"": 83, ""baseDate"": ""20260602"", ""baseTime"": ""1530"", ""category"": ""T1H"", ""fcstDate"": ""20260602"", ""fcstTime"": ""1700"", ""fcstValue"": ""20""}, {""nx"": 95, ""ny"": 83, ""baseDate"": ""20260602"", ""baseTime"": ""1530"", ""category"": ""REH"", ""fcstDate"": ""20260602"", ""fcstTime"": ""1700"", ""fcstValue"": ""90""}, {""nx"": 95, ""ny"": 83, ""baseDate"": ""20260602"", ""baseTime"": ""1530"", ""category"": ""UUU"", ""fcstDate"": ""20260602"", ""fcstTime"": ""1700"", ""fcstValue"": ""1.4""}, {""nx"": 95, ""ny"": 83, ""baseDate"": ""20260602"", ""baseTime"": ""1530"", ""category"": ""VVV"", ""fcstDate"": ""20260602"", ""fcstTime"": ""1700"", ""fcstValue"": ""0""}, {""nx"": 95, ""ny"": 83, ""baseDate"": ""20260602"", ""baseTime"": ""1530"", ""category"": ""VEC"", ""fcstDate"": ""20260602"", ""fcstTime"": ""1700"", ""fcstValue"": ""274""}, {""nx"": 95, ""ny"": 83, ""baseDate"": ""20260602"", ""baseTime"": ""1530"", ""category"": ""WSD"", ""fcstDate"": ""20260602"", ""fcstTime"": ""1700"", ""fcstValue"": ""1""}]",2026-06-02 16:35:09,2026-06-02 16:35:09
2021110,2026-06-02 15:30:00,2026-06-02 18:00:00,95,83,20.0,0.0,0.0,0,KMA_ULTRA_FCST,"[{""nx"": 95, ""ny"": 83, ""baseDate"": ""20260602"", ""baseTime"": ""1530"", ""category"": ""LGT"", ""fcstDate"": ""20260602"", ""fcstTime"": ""1800"", ""fcstValue"": ""0""}, {""nx"": 95, ""ny"": 83, ""baseDate"": ""20260602"", ""baseTime"": ""1530"", ""category"": ""PTY"", ""fcstDate"": ""20260602"", ""fcstTime"": ""1800"", ""fcstValue"": ""0""}, {""nx"": 95, ""ny"": 83, ""baseDate"": ""20260602"", ""baseTime"": ""1530"", ""category"": ""RN1"", ""fcstDate"": ""20260602"", ""fcstTime"": ""1800"", ""fcstValue"": ""강수없음""}, {""nx"": 95, ""ny"": 83, ""baseDate"": ""20260602"", ""baseTime"": ""1530"", ""category"": ""SKY"", ""fcstDate"": ""20260602"", ""fcstTime"": ""1800"", ""fcstValue"": ""4""}, {""nx"": 95, ""ny"": 83, ""baseDate"": ""20260602"", ""baseTime"": ""1530"", ""category"": ""T1H"", ""fcstDate"": ""20260602"", ""fcstTime"": ""1800"", ""fcstValue"": ""20""}, {""nx"": 95, ""ny"": 83, ""baseDate"": ""20260602"", ""baseTime"": ""1530"", ""category"": ""REH"", ""fcstDate"": ""20260602"", ""fcstTime"": ""1800"", ""fcstValue"": ""85""}, {""nx"": 95, ""ny"": 83, ""baseDate"": ""20260602"", ""baseTime"": ""1530"", ""category"": ""UUU"", ""fcstDate"": ""20260602"", ""fcstTime"": ""1800"", ""fcstValue"": ""1.6""}, {""nx"": 95, ""ny"": 83, ""baseDate"": ""20260602"", ""baseTime"": ""1530"", ""category"": ""VVV"", ""fcstDate"": ""20260602"", ""fcstTime"": ""1800"", ""fcstValue"": ""-1.7""}, {""nx"": 95, ""ny"": 83, ""baseDate"": ""20260602"", ""baseTime"": ""1530"", ""category"": ""VEC"", ""fcstDate"": ""20260602"", ""fcstTime"": ""1800"", ""fcstValue"": ""318""}, {""nx"": 95, ""ny"": 83, ""baseDate"": ""20260602"", ""baseTime"": ""1530"", ""category"": ""WSD"", ""fcstDate"": ""20260602"", ""fcstTime"": ""1800"", ""fcstValue"": ""2""}]",2026-06-02 16:35:09,2026-06-02 16:35:09
2021110,2026-06-02 15:30:00,2026-06-02 19:00:00,95,83,19.0,1.0,0.0,5,KMA_ULTRA_FCST,"[{""nx"": 95, ""ny"": 83, ""baseDate"": ""20260602"", ""baseTime"": ""1530"", ""category"": ""LGT"", ""fcstDate"": ""20260602"", ""fcstTime"": ""1900"", ""fcstValue"": ""0""}, {""nx"": 95, ""ny"": 83, ""baseDate"": ""20260602"", ""baseTime"": ""1530"", ""category"": ""PTY"", ""fcstDate"": ""20260602"", ""fcstTime"": ""1900"", ""fcstValue"": ""5""}, {""nx"": 95, ""ny"": 83, ""baseDate"": ""20260602"", ""baseTime"": ""1530"", ""category"": ""RN1"", ""fcstDate"": ""20260602"", ""fcstTime"": ""1900"", ""fcstValue"": ""1mm 미만""}, {""nx"": 95, ""ny"": 83, ""baseDate"": ""20260602"", ""baseTime"": ""1530"", ""category"": ""SKY"", ""fcstDate"": ""20260602"", ""fcstTime"": ""1900"", ""fcstValue"": ""4""}, {""nx"": 95, ""ny"": 83, ""baseDate"": ""20260602"", ""baseTime"": ""1530"", ""category"": ""T1H"", ""fcstDate"": ""20260602"", ""fcstTime"": ""1900"", ""fcstValue"": ""19""}, {""nx"": 95, ""ny"": 83, ""baseDate"": ""20260602"", ""baseTime"": ""1530"", ""category"": ""REH"", ""fcstDate"": ""20260602"", ""fcstTime"": ""1900"", ""fcstValue"": ""85""}, {""nx"": 95, ""ny"": 83, ""baseDate"": ""20260602"", ""baseTime"": ""1530"", ""category"": ""UUU"", ""fcstDate"": ""20260602"", ""fcstTime"": ""1900"", ""fcstValue"": ""0.3""}, {""nx"": 95, ""ny"": 83, ""baseDate"": ""20260602"", ""baseTime"": ""1530"", ""category"": ""VVV"", ""fcstDate"": ""20260602"", ""fcstTime"": ""1900"", ""fcstValue"": ""-2.9""}, {""nx"": 95, ""ny"": 83, ""baseDate"": ""20260602"", ""baseTime"": ""1530"", ""category"": ""VEC"", ""fcstDate"": ""20260602"", ""fcstTime"": ""1900"", ""fcstValue"": ""354""}, {""nx"": 95, ""ny"": 83, ""baseDate"": ""20260602"", ""baseTime"": ""1530"", ""category"": ""WSD"", ""fcstDate"": ""20260602"", ""fcstTime"": ""1900"", ""fcstValue"": ""3""}]",2026-06-02 16:35:09,2026-06-02 16:35:09
2021110,2026-06-02 15:30:00,2026-06-02 20:00:00,95,83,19.0,0.0,0.0,0,KMA_ULTRA_FCST,"[{""nx"": 95, ""ny"": 83, ""baseDate"": ""20260602"", ""baseTime"": ""1530"", ""category"": ""LGT"", ""fcstDate"": ""20260602"", ""fcstTime"": ""2000"", ""fcstValue"": ""0""}, {""nx"": 95, ""ny"": 83, ""baseDate"": ""20260602"", ""baseTime"": ""1530"", ""category"": ""PTY"", ""fcstDate"": ""20260602"", ""fcstTime"": ""2000"", ""fcstValue"": ""0""}, {""nx"": 95, ""ny"": 83, ""baseDate"": ""20260602"", ""baseTime"": ""1530"", ""category"": ""RN1"", ""fcstDate"": ""20260602"", ""fcstTime"": ""2000"", ""fcstValue"": ""강수없음""}, {""nx"": 95, ""ny"": 83, ""baseDate"": ""20260602"", ""baseTime"": ""1530"", ""category"": ""SKY"", ""fcstDate"": ""20260602"", ""fcstTime"": ""2000"", ""fcstValue"": ""4""}, {""nx"": 95, ""ny"": 83, ""baseDate"": ""20260602"", ""baseTime"": ""1530"", ""category"": ""T1H"", ""fcstDate"": ""20260602"", ""fcstTime"": ""2000"", ""fcstValue"": ""19""}, {""nx"": 95, ""ny"": 83, ""baseDate"": ""20260602"", ""baseTime"": ""1530"", ""category"": ""REH"", ""fcstDate"": ""20260602"", ""fcstTime"": ""2000"", ""fcstValue"": ""85""}, {""nx"": 95, ""ny"": 83, ""baseDate"": ""20260602"", ""baseTime"": ""1530"", ""category"": ""UUU"", ""fcstDate"": ""20260602"", ""fcstTime"": ""2000"", ""fcstValue"": ""-1.8""}, {""nx"": 95, ""ny"": 83, ""baseDate"": ""20260602"", ""baseTime"": ""1530"", ""category"": ""VVV"", ""fcstDate"": ""20260602"", ""fcstTime"": ""2000"", ""fcstValue"": ""-2.5""}, {""nx"": 95, ""ny"": 83, ""baseDate"": ""20260602"", ""baseTime"": ""1530"", ""category"": ""VEC"", ""fcstDate"": ""20260602"", ""fcstTime"": ""2000"", ""fcstValue"": ""36""}, {""nx"": 95, ""ny"": 83, ""baseDate"": ""20260602"", ""baseTime"": ""1530"", ""category"": ""WSD"", ""fcstDate"": ""20260602"", ""fcstTime"": ""2000"", ""fcstValue"": ""3""}]",2026-06-02 16:35:09,2026-06-02 16:35:09
2021110,2026-06-02 15:30:00,2026-06-02 21:00:00,95,83,19.0,0.0,0.0,0,KMA_ULTRA_FCST,"[{""nx"": 95, ""ny"": 83, ""baseDate"": ""20260602"", ""baseTime"": ""1530"", ""category"": ""LGT"", ""fcstDate"": ""20260602"", ""fcstTime"": ""2100"", ""fcstValue"": ""0""}, {""nx"": 95, ""ny"": 83, ""baseDate"": ""20260602"", ""baseTime"": ""1530"", ""category"": ""PTY"", ""fcstDate"": ""20260602"", ""fcstTime"": ""2100"", ""fcstValue"": ""0""}, {""nx"": 95, ""ny"": 83, ""baseDate"": ""20260602"", ""baseTime"": ""1530"", ""category"": ""RN1"", ""fcstDate"": ""20260602"", ""fcstTime"": ""2100"", ""fcstValue"": ""강수없음""}, {""nx"": 95, ""ny"": 83, ""baseDate"": ""20260602"", ""baseTime"": ""1530"", ""category"": ""SKY"", ""fcstDate"": ""20260602"", ""fcstTime"": ""2100"", ""fcstValue"": ""3""}, {""nx"": 95, ""ny"": 83, ""baseDate"": ""20260602"", ""baseTime"": ""1530"", ""category"": ""T1H"", ""fcstDate"": ""20260602"", ""fcstTime"": ""2100"", ""fcstValue"": ""19""}, {""nx"": 95, ""ny"": 83, ""baseDate"": ""20260602"", ""baseTime"": ""1530"", ""category"": ""REH"", ""fcstDate"": ""20260602"", ""fcstTime"": ""2100"", ""fcstValue"": ""85""}, {""nx"": 95, ""ny"": 83, ""baseDate"": ""20260602"", ""baseTime"": ""1530"", ""category"": ""UUU"", ""fcstDate"": ""20260602"", ""fcstTime"": ""2100"", ""fcstValue"": ""-2.6""}, {""nx"": 95, ""ny"": 83, ""baseDate"": ""20260602"", ""baseTime"": ""1530"", ""category"": ""VVV"", ""fcstDate"": ""20260602"", ""fcstTime"": ""2100"", ""fcstValue"": ""-2.2""}, {""nx"": 95, ""ny"": 83, ""baseDate"": ""20260602"", ""baseTime"": ""1530"", ""category"": ""VEC"", ""fcstDate"": ""20260602"", ""fcstTime"": ""2100"", ""fcstValue"": ""50""}, {""nx"": 95, ""ny"": 83, ""baseDate"": ""20260602"", ""baseTime"": ""1530"", ""category"": ""WSD"", ""fcstDate"": ""20260602"", ""fcstTime"": ""2100"", ""fcstValue"": ""4""}]",2026-06-02 16:35:09,2026-06-02 16:35:09
3001110,2026-06-02 15:30:00,2026-06-02 16:00:00,70,92,25.0,0.0,0.0,0,KMA_ULTRA_FCST,"[{""nx"": 70, ""ny"": 92, ""baseDate"": ""20260602"", ""baseTime"": ""1530"", ""category"": ""LGT"", ""fcstDate"": ""20260602"", ""fcstTime"": ""1600"", ""fcstValue"": ""0""}, {""nx"": 70, ""ny"": 92, ""baseDate"": ""20260602"", ""baseTime"": ""1530"", ""category"": ""PTY"", ""fcstDate"": ""20260602"", ""fcstTime"": ""1600"", ""fcstValue"": ""0""}, {""nx"": 70, ""ny"": 92, ""baseDate"": ""20260602"", ""baseTime"": ""1530"", ""category"": ""RN1"", ""fcstDate"": ""20260602"", ""fcstTime"": ""1600"", ""fcstValue"": ""강수없음""}, {""nx"": 70, ""ny"": 92, ""baseDate"": ""20260602"", ""baseTime"": ""1530"", ""category"": ""SKY"", ""fcstDate"": ""20260602"", ""fcstTime"": ""1600"", ""fcstValue"": ""3""}, {""nx"": 70, ""ny"": 92, ""baseDate"": ""20260602"", ""baseTime"": ""1530"", ""category"": ""T1H"", ""fcstDate"": ""20260602"", ""fcstTime"": ""1600"", ""fcstValue"": ""25""}, {""nx"": 70, ""ny"": 92, ""baseDate"": ""20260602"", ""baseTime"": ""1530"", ""category"": ""REH"", ""fcstDate"": ""20260602"", ""fcstTime"": ""1600"", ""fcstValue"": ""60""}, {""nx"": 70, ""ny"": 92, ""baseDate"": ""20260602"", ""baseTime"": ""1530"", ""category"": ""UUU"", ""fcstDate"": ""20260602"", ""fcstTime"": ""1600"", ""fcstValue"": ""-0.4""}, {""nx"": 70, ""ny"": 92, ""baseDate"": ""20260602"", ""baseTime"": ""1530"", ""category"": ""VVV"", ""fcstDate"": ""20260602"", ""fcstTime"": ""1600"", ""fcstValue"": ""-0.2""}, {""nx"": 70, ""ny"": 92, ""baseDate"": ""20260602"", ""baseTime"": ""1530"", ""category"": ""VEC"", ""fcstDate"": ""20260602"", ""fcstTime"": ""1600"", ""fcstValue"": ""59""}, {""nx"": 70, ""ny"": 92, ""baseDate"": ""20260602"", ""baseTime"": ""1530"", ""category"": ""WSD"", ""fcstDate"": ""20260602"", ""fcstTime"": ""1600"", ""fcstValue"": ""1""}]",2026-06-02 16:35:10,2026-06-02 16:35:10
3001110,2026-06-02 15:30:00,2026-06-02 17:00:00,70,92,25.0,0.0,0.0,0,KMA_ULTRA_FCST,"[{""nx"": 70, ""ny"": 92, ""baseDate"": ""20260602"", ""baseTime"": ""1530"", ""category"": ""LGT"", ""fcstDate"": ""20260602"", ""fcstTime"": ""1700"", ""fcstValue"": ""0""}, {""nx"": 70, ""ny"": 92, ""baseDate"": ""20260602"", ""baseTime"": ""1530"", ""category"": ""PTY"", ""fcstDate"": ""20260602"", ""fcstTime"": ""1700"", ""fcstValue"": ""0""}, {""nx"": 70, ""ny"": 92, ""baseDate"": ""20260602"", ""baseTime"": ""1530"", ""category"": ""RN1"", ""fcstDate"": ""20260602"", ""fcstTime"": ""1700"", ""fcstValue"": ""강수없음""}, {""nx"": 70, ""ny"": 92, ""baseDate"": ""20260602"", ""baseTime"": ""1530"", ""category"": ""SKY"", ""fcstDate"": ""20260602"", ""fcstTime"": ""1700"", ""fcstValue"": ""3""}, {""nx"": 70, ""ny"": 92, ""baseDate"": ""20260602"", ""baseTime"": ""1530"", ""category"": ""T1H"", ""fcstDate"": ""20260602"", ""fcstTime"": ""1700"", ""fcstValue"": ""25""}, {""nx"": 70, ""ny"": 92, ""baseDate"": ""20260602"", ""baseTime"": ""1530"", ""category"": ""REH"", ""fcstDate"": ""20260602"", ""fcstTime"": ""1700"", ""fcstValue"": ""60""}, {""nx"": 70, ""ny"": 92, ""baseDate"": ""20260602"", ""baseTime"": ""1530"", ""category"": ""UUU"", ""fcstDate"": ""20260602"", ""fcstTime"": ""1700"", ""fcstValue"": ""0""}, {""nx"": 70, ""ny"": 92, ""baseDate"": ""20260602"", ""baseTime"": ""1530"", ""category"": ""VVV"", ""fcstDate"": ""20260602"", ""fcstTime"": ""1700"", ""fcstValue"": ""-0.2""}, {""nx"": 70, ""ny"": 92, ""baseDate"": ""20260602"", ""baseTime"": ""1530"", ""category"": ""VEC"", ""fcstDate"": ""20260602"", ""fcstTime"": ""1700"", ""fcstValue"": ""18""}, {""nx"": 70, ""ny"": 92, ""baseDate"": ""20260602"", ""baseTime"": ""1530"", ""category"": ""WSD"", ""fcstDate"": ""20260602"", ""fcstTime"": ""1700"", ""fcstValue"": ""0.1""}]",2026-06-02 16:35:10,2026-06-02 16:35:10
3001110,2026-06-02 15:30:00,2026-06-02 18:00:00,70,92,24.0,0.0,0.0,0,KMA_ULTRA_FCST,"[{""nx"": 70, ""ny"": 92, ""baseDate"": ""20260602"", ""baseTime"": ""1530"", ""category"": ""LGT"", ""fcstDate"": ""20260602"", ""fcstTime"": ""1800"", ""fcstValue"": ""0""}, {""nx"": 70, ""ny"": 92, ""baseDate"": ""20260602"", ""baseTime"": ""1530"", ""category"": ""PTY"", ""fcstDate"": ""20260602"", ""fcstTime"": ""1800"", ""fcstValue"": ""0""}, {""nx"": 70, ""ny"": 92, ""baseDate"": ""20260602"", ""baseTime"": ""1530"", ""category"": ""RN1"", ""fcstDate"": ""20260602"", ""fcstTime"": ""1800"", ""fcstValue"": ""강수없음""}, {""nx"": 70, ""ny"": 92, ""baseDate"": ""20260602"", ""baseTime"": ""1530"", ""category"": ""SKY"", ""fcstDate"": ""20260602"", ""fcstTime"": ""1800"", ""fcstValue"": ""3""}, {""nx"": 70, ""ny"": 92, ""baseDate"": ""20260602"", ""baseTime"": ""1530"", ""category"": ""T1H"", ""fcstDate"": ""20260602"", ""fcstTime"": ""1800"", ""fcstValue"": ""24""}, {""nx"": 70, ""ny"": 92, ""baseDate"": ""20260602"", ""baseTime"": ""1530"", ""category"": ""REH"", ""fcstDate"": ""20260602"", ""fcstTime"": ""1800"", ""fcstValue"": ""65""}, {""nx"": 70, ""ny"": 92, ""baseDate"": ""20260602"", ""baseTime"": ""1530"", ""category"": ""UUU"", ""fcstDate"": ""20260602"", ""fcstTime"": ""1800"", ""fcstValue"": ""-0.9""}, {""nx"": 70, ""ny"": 92, ""baseDate"": ""20260602"", ""baseTime"": ""1530"", ""category"": ""VVV"", ""fcstDate"": ""20260602"", ""fcstTime"": ""1800"", ""fcstValue"": ""-0.1""}, {""nx"": 70, ""ny"": 92, ""baseDate"": ""20260602"", ""baseTime"": ""1530"", ""category"": ""VEC"", ""fcstDate"": ""20260602"", ""fcstTime"": ""1800"", ""fcstValue"": ""79""}, {""nx"": 70, ""ny"": 92, ""baseDate"": ""20260602"", ""baseTime"": ""1530"", ""category"": ""WSD"", ""fcstDate"": ""20260602"", ""fcstTime"": ""1800"", ""fcstValue"": ""1""}]",2026-06-02 16:35:10,2026-06-02 16:35:10
3001110,2026-06-02 15:30:00,2026-06-02 19:00:00,70,92,22.0,0.0,0.0,0,KMA_ULTRA_FCST,"[{""nx"": 70, ""ny"": 92, ""baseDate"": ""20260602"", ""baseTime"": ""1530"", ""category"": ""LGT"", ""fcstDate"": ""20260602"", ""fcstTime"": ""1900"", ""fcstValue"": ""0""}, {""nx"": 70, ""ny"": 92, ""baseDate"": ""20260602"", ""baseTime"": ""1530"", ""category"": ""PTY"", ""fcstDate"": ""20260602"", ""fcstTime"": ""1900"", ""fcstValue"": ""0""}, {""nx"": 70, ""ny"": 92, ""baseDate"": ""20260602"", ""baseTime"": ""1530"", ""category"": ""RN1"", ""fcstDate"": ""20260602"", ""fcstTime"": ""1900"", ""fcstValue"": ""강수없음""}, {""nx"": 70, ""ny"": 92, ""baseDate"": ""20260602"", ""baseTime"": ""1530"", ""category"": ""SKY"", ""fcstDate"": ""20260602"", ""fcstTime"": ""1900"", ""fcstValue"": ""4""}, {""nx"": 70, ""ny"": 92, ""baseDate"": ""20260602"", ""baseTime"": ""1530"", ""category"": ""T1H"", ""fcstDate"": ""20260602"", ""fcstTime"": ""1900"", ""fcstValue"": ""22""}, {""nx"": 70, ""ny"": 92, ""baseDate"": ""20260602"", ""baseTime"": ""1530"", ""category"": ""REH"", ""fcstDate"": ""20260602"", ""fcstTime"": ""1900"", ""fcstValue"": ""75""}, {""nx"": 70, ""ny"": 92, ""baseDate"": ""20260602"", ""baseTime"": ""1530"", ""category"": ""UUU"", ""fcstDate"": ""20260602"", ""fcstTime"": ""1900"", ""fcstValue"": ""0.1""}, {""nx"": 70, ""ny"": 92, ""baseDate"": ""20260602"", ""baseTime"": ""1530"", ""category"": ""VVV"", ""fcstDate"": ""20260602"", ""fcstTime"": ""1900"", ""fcstValue"": ""-1""}, {""nx"": 70, ""ny"": 92, ""baseDate"": ""20260602"", ""baseTime"": ""1530"", ""category"": ""VEC"", ""fcstDate"": ""20260602"", ""fcstTime"": ""1900"", ""fcstValue"": ""355""}, {""nx"": 70, ""ny"": 92, ""baseDate"": ""20260602"", ""baseTime"": ""1530"", ""category"": ""WSD"", ""fcstDate"": ""20260602"", ""fcstTime"": ""1900"", ""fcstValue"": ""1""}]",2026-06-02 16:35:10,2026-06-02 16:35:10
3001110,2026-06-02 15:30:00,2026-06-02 20:00:00,70,92,21.0,0.0,0.0,0,KMA_ULTRA_FCST,"[{""nx"": 70, ""ny"": 92, ""baseDate"": ""20260602"", ""baseTime"": ""1530"", ""category"": ""LGT"", ""fcstDate"": ""20260602"", ""fcstTime"": ""2000"", ""fcstValue"": ""0""}, {""nx"": 70, ""ny"": 92, ""baseDate"": ""20260602"", ""baseTime"": ""1530"", ""category"": ""PTY"", ""fcstDate"": ""20260602"", ""fcstTime"": ""2000"", ""fcstValue"": ""0""}, {""nx"": 70, ""ny"": 92, ""baseDate"": ""20260602"", ""baseTime"": ""1530"", ""category"": ""RN1"", ""fcstDate"": ""20260602"", ""fcstTime"": ""2000"", ""fcstValue"": ""강수없음""}, {""nx"": 70, ""ny"": 92, ""baseDate"": ""20260602"", ""baseTime"": ""1530"", ""category"": ""SKY"", ""fcstDate"": ""20260602"", ""fcstTime"": ""2000"", ""fcstValue"": ""3""}, {""nx"": 70, ""ny"": 92, ""baseDate"": ""20260602"", ""baseTime"": ""1530"", ""category"": ""T1H"", ""fcstDate"": ""20260602"", ""fcstTime"": ""2000"", ""fcstValue"": ""21""}, {""nx"": 70, ""ny"": 92, ""baseDate"": ""20260602"", ""baseTime"": ""1530"", ""category"": ""REH"", ""fcstDate"": ""20260602"", ""fcstTime"": ""2000"", ""fcstValue"": ""80""}, {""nx"": 70, ""ny"": 92, ""baseDate"": ""20260602"", ""baseTime"": ""1530"", ""category"": ""UUU"", ""fcstDate"": ""20260602"", ""fcstTime"": ""2000"", ""fcstValue"": ""0""}, {""nx"": 70, ""ny"": 92, ""baseDate"": ""20260602"", ""baseTime"": ""1530"", ""category"": ""VVV"", ""fcstDate"": ""20260602"", ""fcstTime"": ""2000"", ""fcstValue"": ""-0.2""}, {""nx"": 70, ""ny"": 92, ""baseDate"": ""20260602"", ""baseTime"": ""1530"", ""category"": ""VEC"", ""fcstDate"": ""20260602"", ""fcstTime"": ""2000"", ""fcstValue"": ""0""}, {""nx"": 70, ""ny"": 92, ""baseDate"": ""20260602"", ""baseTime"": ""1530"", ""category"": ""WSD"", ""fcstDate"": ""20260602"", ""fcstTime"": ""2000"", ""fcstValue"": ""0.1""}]",2026-06-02 16:35:10,2026-06-02 16:35:10
3001110,2026-06-02 15:30:00,2026-06-02 21:00:00,70,92,20.0,0.0,0.0,0,KMA_ULTRA_FCST,"[{""nx"": 70, ""ny"": 92, ""baseDate"": ""20260602"", ""baseTime"": ""1530"", ""category"": ""LGT"", ""fcstDate"": ""20260602"", ""fcstTime"": ""2100"", ""fcstValue"": ""0""}, {""nx"": 70, ""ny"": 92, ""baseDate"": ""20260602"", ""baseTime"": ""1530"", ""category"": ""PTY"", ""fcstDate"": ""20260602"", ""fcstTime"": ""2100"", ""fcstValue"": ""0""}, {""nx"": 70, ""ny"": 92, ""baseDate"": ""20260602"", ""baseTime"": ""1530"", ""category"": ""RN1"", ""fcstDate"": ""20260602"", ""fcstTime"": ""2100"", ""fcstValue"": ""강수없음""}, {""nx"": 70, ""ny"": 92, ""baseDate"": ""20260602"", ""baseTime"": ""1530"", ""category"": ""SKY"", ""fcstDate"": ""20260602"", ""fcstTime"": ""2100"", ""fcstValue"": ""4""}, {""nx"": 70, ""ny"": 92, ""baseDate"": ""20260602"", ""baseTime"": ""1530"", ""category"": ""T1H"", ""fcstDate"": ""20260602"", ""fcstTime"": ""2100"", ""fcstValue"": ""20""}, {""nx"": 70, ""ny"": 92, ""baseDate"": ""20260602"", ""baseTime"": ""1530"", ""category"": ""REH"", ""fcstDate"": ""20260602"", ""fcstTime"": ""2100"", ""fcstValue"": ""85""}, {""nx"": 70, ""ny"": 92, ""baseDate"": ""20260602"", ""baseTime"": ""1530"", ""category"": ""UUU"", ""fcstDate"": ""20260602"", ""fcstTime"": ""2100"", ""fcstValue"": ""0.1""}, {""nx"": 70, ""ny"": 92, ""baseDate"": ""20260602"", ""baseTime"": ""1530"", ""category"": ""VVV"", ""fcstDate"": ""20260602"", ""fcstTime"": ""2100"", ""fcstValue"": ""0""}, {""nx"": 70, ""ny"": 92, ""baseDate"": ""20260602"", ""baseTime"": ""1530"", ""category"": ""VEC"", ""fcstDate"": ""20260602"", ""fcstTime"": ""2100"", ""fcstValue"": ""270""}, {""nx"": 70, ""ny"": 92, ""baseDate"": ""20260602"", ""baseTime"": ""1530"", ""category"": ""WSD"", ""fcstDate"": ""20260602"", ""fcstTime"": ""2100"", ""fcstValue"": ""0.1""}]",2026-06-02 16:35:10,2026-06-02 16:35:10
3008110,2026-06-02 15:30:00,2026-06-02 16:00:00,69,103,27.0,0.0,0.0,0,KMA_ULTRA_FCST,"[{""nx"": 69, ""ny"": 103, ""baseDate"": ""20260602"", ""baseTime"": ""1530"", ""category"": ""LGT"", ""fcstDate"": ""20260602"", ""fcstTime"": ""1600"", ""fcstValue"": ""0""}, {""nx"": 69, ""ny"": 103, ""baseDate"": ""20260602"", ""baseTime"": ""1530"", ""category"": ""PTY"", ""fcstDate"": ""20260602"", ""fcstTime"": ""1600"", ""fcstValue"": ""0""}, {""nx"": 69, ""ny"": 103, ""baseDate"": ""20260602"", ""baseTime"": ""1530"", ""category"": ""RN1"", ""fcstDate"": ""20260602"", ""fcstTime"": ""1600"", ""fcstValue"": ""강수없음""}, {""nx"": 69, ""ny"": 103, ""baseDate"": ""20260602"", ""baseTime"": ""1530"", ""category"": ""SKY"", ""fcstDate"": ""20260602"", ""fcstTime"": ""1600"", ""fcstValue"": ""3""}, {""nx"": 69, ""ny"": 103, ""baseDate"": ""20260602"", ""baseTime"": ""1530"", ""category"": ""T1H"", ""fcstDate"": ""20260602"", ""fcstTime"": ""1600"", ""fcstValue"": ""27""}, {""nx"": 69, ""ny"": 103, ""baseDate"": ""20260602"", ""baseTime"": ""1530"", ""category"": ""REH"", ""fcstDate"": ""20260602"", ""fcstTime"": ""1600"", ""fcstValue"": ""60""}, {""nx"": 69, ""ny"": 103, ""baseDate"": ""20260602"", ""baseTime"": ""1530"", ""category"": ""UUU"", ""fcstDate"": ""20260602"", ""fcstTime"": ""1600"", ""fcstValue"": ""0.6""}, {""nx"": 69, ""ny"": 103, ""baseDate"": ""20260602"", ""baseTime"": ""1530"", ""category"": ""VVV"", ""fcstDate"": ""20260602"", ""fcstTime"": ""1600"", ""fcstValue"": ""1.7""}, {""nx"": 69, ""ny"": 103, ""baseDate"": ""20260602"", ""baseTime"": ""1530"", ""category"": ""VEC"", ""fcstDate"": ""20260602"", ""fcstTime"": ""1600"", ""fcstValue"": ""199""}, {""nx"": 69, ""ny"": 103, ""baseDate"": ""20260602"", ""baseTime"": ""1530"", ""category"": ""WSD"", ""fcstDate"": ""20260602"", ""fcstTime"": ""1600"", ""fcstValue"": ""2""}]",2026-06-02 16:35:11,2026-06-02 16:35:11
3008110,2026-06-02 15:30:00,2026-06-02 17:00:00,69,103,27.0,0.0,0.0,0,KMA_ULTRA_FCST,"[{""nx"": 69, ""ny"": 103, ""baseDate"": ""20260602"", ""baseTime"": ""1530"", ""category"": ""LGT"", ""fcstDate"": ""20260602"", ""fcstTime"": ""1700"", ""fcstValue"": ""0""}, {""nx"": 69, ""ny"": 103, ""baseDate"": ""20260602"", ""baseTime"": ""1530"", ""category"": ""PTY"", ""fcstDate"": ""20260602"", ""fcstTime"": ""1700"", ""fcstValue"": ""0""}, {""nx"": 69, ""ny"": 103, ""baseDate"": ""20260602"", ""baseTime"": ""1530"", ""category"": ""RN1"", ""fcstDate"": ""20260602"", ""fcstTime"": ""1700"", ""fcstValue"": ""강수없음""}, {""nx"": 69, ""ny"": 103, ""baseDate"": ""20260602"", ""baseTime"": ""1530"", ""category"": ""SKY"", ""fcstDate"": ""20260602"", ""fcstTime"": ""1700"", ""fcstValue"": ""4""}, {""nx"": 69, ""ny"": 103, ""baseDate"": ""20260602"", ""baseTime"": ""1530"", ""category"": ""T1H"", ""fcstDate"": ""20260602"", ""fcstTime"": ""1700"", ""fcstValue"": ""27""}, {""nx"": 69, ""ny"": 103, ""baseDate"": ""20260602"", ""baseTime"": ""1530"", ""category"": ""REH"", ""fcstDate"": ""20260602"", ""fcstTime"": ""1700"", ""fcstValue"": ""60""}, {""nx"": 69, ""ny"": 103, ""baseDate"": ""20260602"", ""baseTime"": ""1530"", ""category"": ""UUU"", ""fcstDate"": ""20260602"", ""fcstTime"": ""1700"", ""fcstValue"": ""0.9""}, {""nx"": 69, ""ny"": 103, ""baseDate"": ""20260602"", ""baseTime"": ""1530"", ""category"": ""VVV"", ""fcstDate"": ""20260602"", ""fcstTime"": ""1700"", ""fcstValue"": ""1.5""}, {""nx"": 69, ""ny"": 103, ""baseDate"": ""20260602"", ""baseTime"": ""1530"", ""category"": ""VEC"", ""fcstDate"": ""20260602"", ""fcstTime"": ""1700"", ""fcstValue"": ""211""}, {""nx"": 69, ""ny"": 103, ""baseDate"": ""20260602"", ""baseTime"": ""1530"", ""category"": ""WSD"", ""fcstDate"": ""20260602"", ""fcstTime"": ""1700"", ""fcstValue"": ""2""}]",2026-06-02 16:35:11,2026-06-02 16:35:11
3008110,2026-06-02 15:30:00,2026-06-02 18:00:00,69,103,26.0,0.0,0.0,0,KMA_ULTRA_FCST,"[{""nx"": 69, ""ny"": 103, ""baseDate"": ""20260602"", ""baseTime"": ""1530"", ""category"": ""LGT"", ""fcstDate"": ""20260602"", ""fcstTime"": ""1800"", ""fcstValue"": ""0""}, {""nx"": 69, ""ny"": 103, ""baseDate"": ""20260602"", ""baseTime"": ""1530"", ""category"": ""PTY"", ""fcstDate"": ""20260602"", ""fcstTime"": ""1800"", ""fcstValue"": ""0""}, {""nx"": 69, ""ny"": 103, ""baseDate"": ""20260602"", ""baseTime"": ""1530"", ""category"": ""RN1"", ""fcstDate"": ""20260602"", ""fcstTime"": ""1800"", ""fcstValue"": ""강수없음""}, {""nx"": 69, ""ny"": 103, ""baseDate"": ""20260602"", ""baseTime"": ""1530"", ""category"": ""SKY"", ""fcstDate"": ""20260602"", ""fcstTime"": ""1800"", ""fcstValue"": ""3""}, {""nx"": 69, ""ny"": 103, ""baseDate"": ""20260602"", ""baseTime"": ""1530"", ""category"": ""T1H"", ""fcstDate"": ""20260602"", ""fcstTime"": ""1800"", ""fcstValue"": ""26""}, {""nx"": 69, ""ny"": 103, ""baseDate"": ""20260602"", ""baseTime"": ""1530"", ""category"": ""REH"", ""fcstDate"": ""20260602"", ""fcstTime"": ""1800"", ""fcstValue"": ""60""}, {""nx"": 69, ""ny"": 103, ""baseDate"": ""20260602"", ""baseTime"": ""1530"", ""category"": ""UUU"", ""fcstDate"": ""20260602"", ""fcstTime"": ""1800"", ""fcstValue"": ""0.7""}, {""nx"": 69, ""ny"": 103, ""baseDate"": ""20260602"", ""baseTime"": ""1530"", ""category"": ""VVV"", ""fcstDate"": ""20260602"", ""fcstTime"": ""1800"", ""fcstValue"": ""1.1""}, {""nx"": 69, ""ny"": 103, ""baseDate"": ""20260602"", ""baseTime"": ""1530"", ""category"": ""VEC"", ""fcstDate"": ""20260602"", ""fcstTime"": ""1800"", ""fcstValue"": ""212""}, {""nx"": 69, ""ny"": 103, ""baseDate"": ""20260602"", ""baseTime"": ""1530"", ""category"": ""WSD"", ""fcstDate"": ""20260602"", ""fcstTime"": ""1800"", ""fcstValue"": ""1""}]",2026-06-02 16:35:11,2026-06-02 16:35:11
3008110,2026-06-02 15:30:00,2026-06-02 19:00:00,69,103,26.0,0.0,0.0,0,KMA_ULTRA_FCST,"[{""nx"": 69, ""ny"": 103, ""baseDate"": ""20260602"", ""baseTime"": ""1530"", ""category"": ""LGT"", ""fcstDate"": ""20260602"", ""fcstTime"": ""1900"", ""fcstValue"": ""0""}, {""nx"": 69, ""ny"": 103, ""baseDate"": ""20260602"", ""baseTime"": ""1530"", ""category"": ""PTY"", ""fcstDate"": ""20260602"", ""fcstTime"": ""1900"", ""fcstValue"": ""0""}, {""nx"": 69, ""ny"": 103, ""baseDate"": ""20260602"", ""baseTime"": ""1530"", ""category"": ""RN1"", ""fcstDate"": ""20260602"", ""fcstTime"": ""1900"", ""fcstValue"": ""강수없음""}, {""nx"": 69, ""ny"": 103, ""baseDate"": ""20260602"", ""baseTime"": ""1530"", ""category"": ""SKY"", ""fcstDate"": ""20260602"", ""fcstTime"": ""1900"", ""fcstValue"": ""4""}, {""nx"": 69, ""ny"": 103, ""baseDate"": ""20260602"", ""baseTime"": ""1530"", ""category"": ""T1H"", ""fcstDate"": ""20260602"", ""fcstTime"": ""1900"", ""fcstValue"": ""26""}, {""nx"": 69, ""ny"": 103, ""baseDate"": ""20260602"", ""baseTime"": ""1530"", ""category"": ""REH"", ""fcstDate"": ""20260602"", ""fcstTime"": ""1900"", ""fcstValue"": ""65""}, {""nx"": 69, ""ny"": 103, ""baseDate"": ""20260602"", ""baseTime"": ""1530"", ""category"": ""UUU"", ""fcstDate"": ""20260602"", ""fcstTime"": ""1900"", ""fcstValue"": ""0""}, {""nx"": 69, ""ny"": 103, ""baseDate"": ""20260602"", ""baseTime"": ""1530"", ""category"": ""VVV"", ""fcstDate"": ""20260602"", ""fcstTime"": ""1900"", ""fcstValue"": ""0.5""}, {""nx"": 69, ""ny"": 103, ""baseDate"": ""20260602"", ""baseTime"": ""1530"", ""category"": ""VEC"", ""fcstDate"": ""20260602"", ""fcstTime"": ""1900"", ""fcstValue"": ""180""}, {""nx"": 69, ""ny"": 103, ""baseDate"": ""20260602"", ""baseTime"": ""1530"", ""category"": ""WSD"", ""fcstDate"": ""20260602"", ""fcstTime"": ""1900"", ""fcstValue"": ""1""}]",2026-06-02 16:35:11,2026-06-02 16:35:11
3008110,2026-06-02 15:30:00,2026-06-02 20:00:00,69,103,24.0,0.0,0.0,0,KMA_ULTRA_FCST,"[{""nx"": 69, ""ny"": 103, ""baseDate"": ""20260602"", ""baseTime"": ""1530"", ""category"": ""LGT"", ""fcstDate"": ""20260602"", ""fcstTime"": ""2000"", ""fcstValue"": ""0""}, {""nx"": 69, ""ny"": 103, ""baseDate"": ""20260602"", ""baseTime"": ""1530"", ""category"": ""PTY"", ""fcstDate"": ""20260602"", ""fcstTime"": ""2000"", ""fcstValue"": ""0""}, {""nx"": 69, ""ny"": 103, ""baseDate"": ""20260602"", ""baseTime"": ""1530"", ""category"": ""RN1"", ""fcstDate"": ""20260602"", ""fcstTime"": ""2000"", ""fcstValue"": ""강수없음""}, {""nx"": 69, ""ny"": 103, ""baseDate"": ""20260602"", ""baseTime"": ""1530"", ""category"": ""SKY"", ""fcstDate"": ""20260602"", ""fcstTime"": ""2000"", ""fcstValue"": ""4""}, {""nx"": 69, ""ny"": 103, ""baseDate"": ""20260602"", ""baseTime"": ""1530"", ""category"": ""T1H"", ""fcstDate"": ""20260602"", ""fcstTime"": ""2000"", ""fcstValue"": ""24""}, {""nx"": 69, ""ny"": 103, ""baseDate"": ""20260602"", ""baseTime"": ""1530"", ""category"": ""REH"", ""fcstDate"": ""20260602"", ""fcstTime"": ""2000"", ""fcstValue"": ""75""}, {""nx"": 69, ""ny"": 103, ""baseDate"": ""20260602"", ""baseTime"": ""1530"", ""category"": ""UUU"", ""fcstDate"": ""20260602"", ""fcstTime"": ""2000"", ""fcstValue"": ""0""}, {""nx"": 69, ""ny"": 103, ""baseDate"": ""20260602"", ""baseTime"": ""1530"", ""category"": ""VVV"", ""fcstDate"": ""20260602"", ""fcstTime"": ""2000"", ""fcstValue"": ""0.1""}, {""nx"": 69, ""ny"": 103, ""baseDate"": ""20260602"", ""baseTime"": ""1530"", ""category"": ""VEC"", ""fcstDate"": ""20260602"", ""fcstTime"": ""2000"", ""fcstValue"": ""135""}, {""nx"": 69, ""ny"": 103, ""baseDate"": ""20260602"", ""baseTime"": ""1530"", ""category"": ""WSD"", ""fcstDate"": ""20260602"", ""fcstTime"": ""2000"", ""fcstValue"": ""0.1""}]",2026-06-02 16:35:11,2026-06-02 16:35:11
3008110,2026-06-02 15:30:00,2026-06-02 21:00:00,69,103,23.0,0.0,0.0,0,KMA_ULTRA_FCST,"[{""nx"": 69, ""ny"": 103, ""baseDate"": ""20260602"", ""baseTime"": ""1530"", ""category"": ""LGT"", ""fcstDate"": ""20260602"", ""fcstTime"": ""2100"", ""fcstValue"": ""0""}, {""nx"": 69, ""ny"": 103, ""baseDate"": ""20260602"", ""baseTime"": ""1530"", ""category"": ""PTY"", ""fcstDate"": ""20260602"", ""fcstTime"": ""2100"", ""fcstValue"": ""0""}, {""nx"": 69, ""ny"": 103, ""baseDate"": ""20260602"", ""baseTime"": ""1530"", ""category"": ""RN1"", ""fcstDate"": ""20260602"", ""fcstTime"": ""2100"", ""fcstValue"": ""강수없음""}, {""nx"": 69, ""ny"": 103, ""baseDate"": ""20260602"", ""baseTime"": ""1530"", ""category"": ""SKY"", ""fcstDate"": ""20260602"", ""fcstTime"": ""2100"", ""fcstValue"": ""3""}, {""nx"": 69, ""ny"": 103, ""baseDate"": ""20260602"", ""baseTime"": ""1530"", ""category"": ""T1H"", ""fcstDate"": ""20260602"", ""fcstTime"": ""2100"", ""fcstValue"": ""23""}, {""nx"": 69, ""ny"": 103, ""baseDate"": ""20260602"", ""baseTime"": ""1530"", ""category"": ""REH"", ""fcstDate"": ""20260602"", ""fcstTime"": ""2100"", ""fcstValue"": ""75""}, {""nx"": 69, ""ny"": 103, ""baseDate"": ""20260602"", ""baseTime"": ""1530"", ""category"": ""UUU"", ""fcstDate"": ""20260602"", ""fcstTime"": ""2100"", ""fcstValue"": ""0""}, {""nx"": 69, ""ny"": 103, ""baseDate"": ""20260602"", ""baseTime"": ""1530"", ""category"": ""VVV"", ""fcstDate"": ""20260602"", ""fcstTime"": ""2100"", ""fcstValue"": ""-0.6""}, {""nx"": 69, ""ny"": 103, ""baseDate"": ""20260602"", ""baseTime"": ""1530"", ""category"": ""VEC"", ""fcstDate"": ""20260602"", ""fcstTime"": ""2100"", ""fcstValue"": ""0""}, {""nx"": 69, ""ny"": 103, ""baseDate"": ""20260602"", ""baseTime"": ""1530"", ""category"": ""WSD"", ""fcstDate"": ""20260602"", ""fcstTime"": ""2100"", ""fcstValue"": ""1""}]",2026-06-02 16:35:11,2026-06-02 16:35:11
3203110,2026-06-02 15:30:00,2026-06-02 16:00:00,54,100,28.0,0.0,0.0,0,KMA_ULTRA_FCST,"[{""nx"": 54, ""ny"": 100, ""baseDate"": ""20260602"", ""baseTime"": ""1530"", ""category"": ""LGT"", ""fcstDate"": ""20260602"", ""fcstTime"": ""1600"", ""fcstValue"": ""0""}, {""nx"": 54, ""ny"": 100, ""baseDate"": ""20260602"", ""baseTime"": ""1530"", ""category"": ""PTY"", ""fcstDate"": ""20260602"", ""fcstTime"": ""1600"", ""fcstValue"": ""0""}, {""nx"": 54, ""ny"": 100, ""baseDate"": ""20260602"", ""baseTime"": ""1530"", ""category"": ""RN1"", ""fcstDate"": ""20260602"", ""fcstTime"": ""1600"", ""fcstValue"": ""강수없음""}, {""nx"": 54, ""ny"": 100, ""baseDate"": ""20260602"", ""baseTime"": ""1530"", ""category"": ""SKY"", ""fcstDate"": ""20260602"", ""fcstTime"": ""1600"", ""fcstValue"": ""4""}, {""nx"": 54, ""ny"": 100, ""baseDate"": ""20260602"", ""baseTime"": ""1530"", ""category"": ""T1H"", ""fcstDate"": ""20260602"", ""fcstTime"": ""1600"", ""fcstValue"": ""28""}, {""nx"": 54, ""ny"": 100, ""baseDate"": ""20260602"", ""baseTime"": ""1530"", ""category"": ""REH"", ""fcstDate"": ""20260602"", ""fcstTime"": ""1600"", ""fcstValue"": ""55""}, {""nx"": 54, ""ny"": 100, ""baseDate"": ""20260602"", ""baseTime"": ""1530"", ""category"": ""UUU"", ""fcstDate"": ""20260602"", ""fcstTime"": ""1600"", ""fcstValue"": ""0""}, {""nx"": 54, ""ny"": 100, ""baseDate"": ""20260602"", ""baseTime"": ""1530"", ""category"": ""VVV"", ""fcstDate"": ""20260602"", ""fcstTime"": ""1600"", ""fcstValue"": ""-0.7""}, {""nx"": 54, ""ny"": 100, ""baseDate"": ""20260602"", ""baseTime"": ""1530"", ""category"": ""VEC"", ""fcstDate"": ""20260602"", ""fcstTime"": ""1600"", ""fcstValue"": ""7""}, {""nx"": 54, ""ny"": 100, ""baseDate"": ""20260602"", ""baseTime"": ""1530"", ""category"": ""WSD"", ""fcstDate"": ""20260602"", ""fcstTime"": ""1600"", ""fcstValue"": ""1""}]",2026-06-02 16:35:14,2026-06-02 16:35:14
3203110,2026-06-02 15:30:00,2026-06-02 17:00:00,54,100,27.0,0.0,0.0,0,KMA_ULTRA_FCST,"[{""nx"": 54, ""ny"": 100, ""baseDate"": ""20260602"", ""baseTime"": ""1530"", ""category"": ""LGT"", ""fcstDate"": ""20260602"", ""fcstTime"": ""1700"", ""fcstValue"": ""0""}, {""nx"": 54, ""ny"": 100, ""baseDate"": ""20260602"", ""baseTime"": ""1530"", ""category"": ""PTY"", ""fcstDate"": ""20260602"", ""fcstTime"": ""1700"", ""fcstValue"": ""0""}, {""nx"": 54, ""ny"": 100, ""baseDate"": ""20260602"", ""baseTime"": ""1530"", ""category"": ""RN1"", ""fcstDate"": ""20260602"", ""fcstTime"": ""1700"", ""fcstValue"": ""강수없음""}, {""nx"": 54, ""ny"": 100, ""baseDate"": ""20260602"", ""baseTime"": ""1530"", ""category"": ""SKY"", ""fcstDate"": ""20260602"", ""fcstTime"": ""1700"", ""fcstValue"": ""4""}, {""nx"": 54, ""ny"": 100, ""baseDate"": ""20260602"", ""baseTime"": ""1530"", ""category"": ""T1H"", ""fcstDate"": ""20260602"", ""fcstTime"": ""1700"", ""fcstValue"": ""27""}, {""nx"": 54, ""ny"": 100, ""baseDate"": ""20260602"", ""baseTime"": ""1530"", ""category"": ""REH"", ""fcstDate"": ""20260602"", ""fcstTime"": ""1700"", ""fcstValue"": ""60""}, {""nx"": 54, ""ny"": 100, ""baseDate"": ""20260602"", ""baseTime"": ""1530"", ""category"": ""UUU"", ""fcstDate"": ""20260602"", ""fcstTime"": ""1700"", ""fcstValue"": ""1""}, {""nx"": 54, ""ny"": 100, ""baseDate"": ""20260602"", ""baseTime"": ""1530"", ""category"": ""VVV"", ""fcstDate"": ""20260602"", ""fcstTime"": ""1700"", ""fcstValue"": ""-1""}, {""nx"": 54, ""ny"": 100, ""baseDate"": ""20260602"", ""baseTime"": ""1530"", ""category"": ""VEC"", ""fcstDate"": ""20260602"", ""fcstTime"": ""1700"", ""fcstValue"": ""318""}, {""nx"": 54, ""ny"": 100, ""baseDate"": ""20260602"", ""baseTime"": ""1530"", ""category"": ""WSD"", ""fcstDate"": ""20260602"", ""fcstTime"": ""1700"", ""fcstValue"": ""1""}]",2026-06-02 16:35:14,2026-06-02 16:35:14
3203110,2026-06-02 15:30:00,2026-06-02 18:00:00,54,100,26.0,0.0,0.0,0,KMA_ULTRA_FCST,"[{""nx"": 54, ""ny"": 100, ""baseDate"": ""20260602"", ""baseTime"": ""1530"", ""category"": ""LGT"", ""fcstDate"": ""20260602"", ""fcstTime"": ""1800"", ""fcstValue"": ""0""}, {""nx"": 54, ""ny"": 100, ""baseDate"": ""20260602"", ""baseTime"": ""1530"", ""category"": ""PTY"", ""fcstDate"": ""20260602"", ""fcstTime"": ""1800"", ""fcstValue"": ""0""}, {""nx"": 54, ""ny"": 100, ""baseDate"": ""20260602"", ""baseTime"": ""1530"", ""category"": ""RN1"", ""fcstDate"": ""20260602"", ""fcstTime"": ""1800"", ""fcstValue"": ""강수없음""}, {""nx"": 54, ""ny"": 100, ""baseDate"": ""20260602"", ""baseTime"": ""1530"", ""category"": ""SKY"", ""fcstDate"": ""20260602"", ""fcstTime"": ""1800"", ""fcstValue"": ""3""}, {""nx"": 54, ""ny"": 100, ""baseDate"": ""20260602"", ""baseTime"": ""1530"", ""category"": ""T1H"", ""fcstDate"": ""20260602"", ""fcstTime"": ""1800"", ""fcstValue"": ""26""}, {""nx"": 54, ""ny"": 100, ""baseDate"": ""20260602"", ""baseTime"": ""1530"", ""category"": ""REH"", ""fcstDate"": ""20260602"", ""fcstTime"": ""1800"", ""fcstValue"": ""60""}, {""nx"": 54, ""ny"": 100, ""baseDate"": ""20260602"", ""baseTime"": ""1530"", ""category"": ""UUU"", ""fcstDate"": ""20260602"", ""fcstTime"": ""1800"", ""fcstValue"": ""-0.1""}, {""nx"": 54, ""ny"": 100, ""baseDate"": ""20260602"", ""baseTime"": ""1530"", ""category"": ""VVV"", ""fcstDate"": ""20260602"", ""fcstTime"": ""1800"", ""fcstValue"": ""-0.9""}, {""nx"": 54, ""ny"": 100, ""baseDate"": ""20260602"", ""baseTime"": ""1530"", ""category"": ""VEC"", ""fcstDate"": ""20260602"", ""fcstTime"": ""1800"", ""fcstValue"": ""11""}, {""nx"": 54, ""ny"": 100, ""baseDate"": ""20260602"", ""baseTime"": ""1530"", ""category"": ""WSD"", ""fcstDate"": ""20260602"", ""fcstTime"": ""1800"", ""fcstValue"": ""1""}]",2026-06-02 16:35:14,2026-06-02 16:35:14
3203110,2026-06-02 15:30:00,2026-06-02 19:00:00,54,100,24.0,0.0,0.0,0,KMA_ULTRA_FCST,"[{""nx"": 54, ""ny"": 100, ""baseDate"": ""20260602"", ""baseTime"": ""1530"", ""category"": ""LGT"", ""fcstDate"": ""20260602"", ""fcstTime"": ""1900"", ""fcstValue"": ""0""}, {""nx"": 54, ""ny"": 100, ""baseDate"": ""20260602"", ""baseTime"": ""1530"", ""category"": ""PTY"", ""fcstDate"": ""20260602"", ""fcstTime"": ""1900"", ""fcstValue"": ""0""}, {""nx"": 54, ""ny"": 100, ""baseDate"": ""20260602"", ""baseTime"": ""1530"", ""category"": ""RN1"", ""fcstDate"": ""20260602"", ""fcstTime"": ""1900"", ""fcstValue"": ""강수없음""}, {""nx"": 54, ""ny"": 100, ""baseDate"": ""20260602"", ""baseTime"": ""1530"", ""category"": ""SKY"", ""fcstDate"": ""20260602"", ""fcstTime"": ""1900"", ""fcstValue"": ""1""}, {""nx"": 54, ""ny"": 100, ""baseDate"": ""20260602"", ""baseTime"": ""1530"", ""category"": ""T1H"", ""fcstDate"": ""20260602"", ""fcstTime"": ""1900"", ""fcstValue"": ""24""}, {""nx"": 54, ""ny"": 100, ""baseDate"": ""20260602"", ""baseTime"": ""1530"", ""category"": ""REH"", ""fcstDate"": ""20260602"", ""fcstTime"": ""1900"", ""fcstValue"": ""70""}, {""nx"": 54, ""ny"": 100, ""baseDate"": ""20260602"", ""baseTime"": ""1530"", ""category"": ""UUU"", ""fcstDate"": ""20260602"", ""fcstTime"": ""1900"", ""fcstValue"": ""0.4""}, {""nx"": 54, ""ny"": 100, ""baseDate"": ""20260602"", ""baseTime"": ""1530"", ""category"": ""VVV"", ""fcstDate"": ""20260602"", ""fcstTime"": ""1900"", ""fcstValue"": ""-0.3""}, {""nx"": 54, ""ny"": 100, ""baseDate"": ""20260602"", ""baseTime"": ""1530"", ""category"": ""VEC"", ""fcstDate"": ""20260602"", ""fcstTime"": ""1900"", ""fcstValue"": ""315""}, {""nx"": 54, ""ny"": 100, ""baseDate"": ""20260602"", ""baseTime"": ""1530"", ""category"": ""WSD"", ""fcstDate"": ""20260602"", ""fcstTime"": ""1900"", ""fcstValue"": ""1""}]",2026-06-02 16:35:14,2026-06-02 16:35:14
3203110,2026-06-02 15:30:00,2026-06-02 20:00:00,54,100,22.0,0.0,0.0,0,KMA_ULTRA_FCST,"[{""nx"": 54, ""ny"": 100, ""baseDate"": ""20260602"", ""baseTime"": ""1530"", ""category"": ""LGT"", ""fcstDate"": ""20260602"", ""fcstTime"": ""2000"", ""fcstValue"": ""0""}, {""nx"": 54, ""ny"": 100, ""baseDate"": ""20260602"", ""baseTime"": ""1530"", ""category"": ""PTY"", ""fcstDate"": ""20260602"", ""fcstTime"": ""2000"", ""fcstValue"": ""0""}, {""nx"": 54, ""ny"": 100, ""baseDate"": ""20260602"", ""baseTime"": ""1530"", ""category"": ""RN1"", ""fcstDate"": ""20260602"", ""fcstTime"": ""2000"", ""fcstValue"": ""강수없음""}, {""nx"": 54, ""ny"": 100, ""baseDate"": ""20260602"", ""baseTime"": ""1530"", ""category"": ""SKY"", ""fcstDate"": ""20260602"", ""fcstTime"": ""2000"", ""fcstValue"": ""1""}, {""nx"": 54, ""ny"": 100, ""baseDate"": ""20260602"", ""baseTime"": ""1530"", ""category"": ""T1H"", ""fcstDate"": ""20260602"", ""fcstTime"": ""2000"", ""fcstValue"": ""22""}, {""nx"": 54, ""ny"": 100, ""baseDate"": ""20260602"", ""baseTime"": ""1530"", ""category"": ""REH"", ""fcstDate"": ""20260602"", ""fcstTime"": ""2000"", ""fcstValue"": ""70""}, {""nx"": 54, ""ny"": 100, ""baseDate"": ""20260602"", ""baseTime"": ""1530"", ""category"": ""UUU"", ""fcstDate"": ""20260602"", ""fcstTime"": ""2000"", ""fcstValue"": ""0""}, {""nx"": 54, ""ny"": 100, ""baseDate"": ""20260602"", ""baseTime"": ""1530"", ""category"": ""VVV"", ""fcstDate"": ""20260602"", ""fcstTime"": ""2000"", ""fcstValue"": ""-0.4""}, {""nx"": 54, ""ny"": 100, ""baseDate"": ""20260602"", ""baseTime"": ""1530"", ""category"": ""VEC"", ""fcstDate"": ""20260602"", ""fcstTime"": ""2000"", ""fcstValue"": ""0""}, {""nx"": 54, ""ny"": 100, ""baseDate"": ""20260602"", ""baseTime"": ""1530"", ""category"": ""WSD"", ""fcstDate"": ""20260602"", ""fcstTime"": ""2000"", ""fcstValue"": ""1""}]",2026-06-02 16:35:14,2026-06-02 16:35:14
3203110,2026-06-02 15:30:00,2026-06-02 21:00:00,54,100,21.0,0.0,0.0,0,KMA_ULTRA_FCST,"[{""nx"": 54, ""ny"": 100, ""baseDate"": ""20260602"", ""baseTime"": ""1530"", ""category"": ""LGT"", ""fcstDate"": ""20260602"", ""fcstTime"": ""2100"", ""fcstValue"": ""0""}, {""nx"": 54, ""ny"": 100, ""baseDate"": ""20260602"", ""baseTime"": ""1530"", ""category"": ""PTY"", ""fcstDate"": ""20260602"", ""fcstTime"": ""2100"", ""fcstValue"": ""0""}, {""nx"": 54, ""ny"": 100, ""baseDate"": ""20260602"", ""baseTime"": ""1530"", ""category"": ""RN1"", ""fcstDate"": ""20260602"", ""fcstTime"": ""2100"", ""fcstValue"": ""강수없음""}, {""nx"": 54, ""ny"": 100, ""baseDate"": ""20260602"", ""baseTime"": ""1530"", ""category"": ""SKY"", ""fcstDate"": ""20260602"", ""fcstTime"": ""2100"", ""fcstValue"": ""1""}, {""nx"": 54, ""ny"": 100, ""baseDate"": ""20260602"", ""baseTime"": ""1530"", ""category"": ""T1H"", ""fcstDate"": ""20260602"", ""fcstTime"": ""2100"", ""fcstValue"": ""21""}, {""nx"": 54, ""ny"": 100, ""baseDate"": ""20260602"", ""baseTime"": ""1530"", ""category"": ""REH"", ""fcstDate"": ""20260602"", ""fcstTime"": ""2100"", ""fcstValue"": ""80""}, {""nx"": 54, ""ny"": 100, ""baseDate"": ""20260602"", ""baseTime"": ""1530"", ""category"": ""UUU"", ""fcstDate"": ""20260602"", ""fcstTime"": ""2100"", ""fcstValue"": ""0""}, {""nx"": 54, ""ny"": 100, ""baseDate"": ""20260602"", ""baseTime"": ""1530"", ""category"": ""VVV"", ""fcstDate"": ""20260602"", ""fcstTime"": ""2100"", ""fcstValue"": ""-0.5""}, {""nx"": 54, ""ny"": 100, ""baseDate"": ""20260602"", ""baseTime"": ""1530"", ""category"": ""VEC"", ""fcstDate"": ""20260602"", ""fcstTime"": ""2100"", ""fcstValue"": ""0""}, {""nx"": 54, ""ny"": 100, ""baseDate"": ""20260602"", ""baseTime"": ""1530"", ""category"": ""WSD"", ""fcstDate"": ""20260602"", ""fcstTime"": ""2100"", ""fcstValue"": ""1""}]",2026-06-02 16:35:14,2026-06-02 16:35:14
3303110,2026-06-02 15:30:00,2026-06-02 16:00:00,54,86,27.0,0.0,0.0,0,KMA_ULTRA_FCST,"[{""nx"": 54, ""ny"": 86, ""baseDate"": ""20260602"", ""baseTime"": ""1530"", ""category"": ""LGT"", ""fcstDate"": ""20260602"", ""fcstTime"": ""1600"", ""fcstValue"": ""0""}, {""nx"": 54, ""ny"": 86, ""baseDate"": ""20260602"", ""baseTime"": ""1530"", ""category"": ""PTY"", ""fcstDate"": ""20260602"", ""fcstTime"": ""1600"", ""fcstValue"": ""0""}, {""nx"": 54, ""ny"": 86, ""baseDate"": ""20260602"", ""baseTime"": ""1530"", ""category"": ""RN1"", ""fcstDate"": ""20260602"", ""fcstTime"": ""1600"", ""fcstValue"": ""강수없음""}, {""nx"": 54, ""ny"": 86, ""baseDate"": ""20260602"", ""baseTime"": ""1530"", ""category"": ""SKY"", ""fcstDate"": ""20260602"", ""fcstTime"": ""1600"", ""fcstValue"": ""4""}, {""nx"": 54, ""ny"": 86, ""baseDate"": ""20260602"", ""baseTime"": ""1530"", ""category"": ""T1H"", ""fcstDate"": ""20260602"", ""fcstTime"": ""1600"", ""fcstValue"": ""27""}, {""nx"": 54, ""ny"": 86, ""baseDate"": ""20260602"", ""baseTime"": ""1530"", ""category"": ""REH"", ""fcstDate"": ""20260602"", ""fcstTime"": ""1600"", ""fcstValue"": ""60""}, {""nx"": 54, ""ny"": 86, ""baseDate"": ""20260602"", ""baseTime"": ""1530"", ""category"": ""UUU"", ""fcstDate"": ""20260602"", ""fcstTime"": ""1600"", ""fcstValue"": ""2""}, {""nx"": 54, ""ny"": 86, ""baseDate"": ""20260602"", ""baseTime"": ""1530"", ""category"": ""VVV"", ""fcstDate"": ""20260602"", ""fcstTime"": ""1600"", ""fcstValue"": ""-0.8""}, {""nx"": 54, ""ny"": 86, ""baseDate"": ""20260602"", ""baseTime"": ""1530"", ""category"": ""VEC"", ""fcstDate"": ""20260602"", ""fcstTime"": ""1600"", ""fcstValue"": ""294""}, {""nx"": 54, ""ny"": 86, ""baseDate"": ""20260602"", ""baseTime"": ""1530"", ""category"": ""WSD"", ""fcstDate"": ""20260602"", ""fcstTime"": ""1600"", ""fcstValue"": ""2""}]",2026-06-02 16:35:15,2026-06-02 16:35:15
3303110,2026-06-02 15:30:00,2026-06-02 17:00:00,54,86,24.0,0.0,0.0,0,KMA_ULTRA_FCST,"[{""nx"": 54, ""ny"": 86, ""baseDate"": ""20260602"", ""baseTime"": ""1530"", ""category"": ""LGT"", ""fcstDate"": ""20260602"", ""fcstTime"": ""1700"", ""fcstValue"": ""0""}, {""nx"": 54, ""ny"": 86, ""baseDate"": ""20260602"", ""baseTime"": ""1530"", ""category"": ""PTY"", ""fcstDate"": ""20260602"", ""fcstTime"": ""1700"", ""fcstValue"": ""0""}, {""nx"": 54, ""ny"": 86, ""baseDate"": ""20260602"", ""baseTime"": ""1530"", ""category"": ""RN1"", ""fcstDate"": ""20260602"", ""fcstTime"": ""1700"", ""fcstValue"": ""강수없음""}, {""nx"": 54, ""ny"": 86, ""baseDate"": ""20260602"", ""baseTime"": ""1530"", ""category"": ""SKY"", ""fcstDate"": ""20260602"", ""fcstTime"": ""1700"", ""fcstValue"": ""3""}, {""nx"": 54, ""ny"": 86, ""baseDate"": ""20260602"", ""baseTime"": ""1530"", ""category"": ""T1H"", ""fcstDate"": ""20260602"", ""fcstTime"": ""1700"", ""fcstValue"": ""24""}, {""nx"": 54, ""ny"": 86, ""baseDate"": ""20260602"", ""baseTime"": ""1530"", ""category"": ""REH"", ""fcstDate"": ""20260602"", ""fcstTime"": ""1700"", ""fcstValue"": ""65""}, {""nx"": 54, ""ny"": 86, ""baseDate"": ""20260602"", ""baseTime"": ""1530"", ""category"": ""UUU"", ""fcstDate"": ""20260602"", ""fcstTime"": ""1700"", ""fcstValue"": ""0.6""}, {""nx"": 54, ""ny"": 86, ""baseDate"": ""20260602"", ""baseTime"": ""1530"", ""category"": ""VVV"", ""fcstDate"": ""20260602"", ""fcstTime"": ""1700"", ""fcstValue"": ""-1""}, {""nx"": 54, ""ny"": 86, ""baseDate"": ""20260602"", ""baseTime"": ""1530"", ""category"": ""VEC"", ""fcstDate"": ""20260602"", ""fcstTime"": ""1700"", ""fcstValue"": ""331""}, {""nx"": 54, ""ny"": 86, ""baseDate"": ""20260602"", ""baseTime"": ""1530"", ""category"": ""WSD"", ""fcstDate"": ""20260602"", ""fcstTime"": ""1700"", ""fcstValue"": ""1""}]",2026-06-02 16:35:15,2026-06-02 16:35:15
3303110,2026-06-02 15:30:00,2026-06-02 18:00:00,54,86,23.0,0.0,0.0,0,KMA_ULTRA_FCST,"[{""nx"": 54, ""ny"": 86, ""baseDate"": ""20260602"", ""baseTime"": ""1530"", ""category"": ""LGT"", ""fcstDate"": ""20260602"", ""fcstTime"": ""1800"", ""fcstValue"": ""0""}, {""nx"": 54, ""ny"": 86, ""baseDate"": ""20260602"", ""baseTime"": ""1530"", ""category"": ""PTY"", ""fcstDate"": ""20260602"", ""fcstTime"": ""1800"", ""fcstValue"": ""0""}, {""nx"": 54, ""ny"": 86, ""baseDate"": ""20260602"", ""baseTime"": ""1530"", ""category"": ""RN1"", ""fcstDate"": ""20260602"", ""fcstTime"": ""1800"", ""fcstValue"": ""강수없음""}, {""nx"": 54, ""ny"": 86, ""baseDate"": ""20260602"", ""baseTime"": ""1530"", ""category"": ""SKY"", ""fcstDate"": ""20260602"", ""fcstTime"": ""1800"", ""fcstValue"": ""4""}, {""nx"": 54, ""ny"": 86, ""baseDate"": ""20260602"", ""baseTime"": ""1530"", ""category"": ""T1H"", ""fcstDate"": ""20260602"", ""fcstTime"": ""1800"", ""fcstValue"": ""23""}, {""nx"": 54, ""ny"": 86, ""baseDate"": ""20260602"", ""baseTime"": ""1530"", ""category"": ""REH"", ""fcstDate"": ""20260602"", ""fcstTime"": ""1800"", ""fcstValue"": ""75""}, {""nx"": 54, ""ny"": 86, ""baseDate"": ""20260602"", ""baseTime"": ""1530"", ""category"": ""UUU"", ""fcstDate"": ""20260602"", ""fcstTime"": ""1800"", ""fcstValue"": ""0.1""}, {""nx"": 54, ""ny"": 86, ""baseDate"": ""20260602"", ""baseTime"": ""1530"", ""category"": ""VVV"", ""fcstDate"": ""20260602"", ""fcstTime"": ""1800"", ""fcstValue"": ""-1""}, {""nx"": 54, ""ny"": 86, ""baseDate"": ""20260602"", ""baseTime"": ""1530"", ""category"": ""VEC"", ""fcstDate"": ""20260602"", ""fcstTime"": ""1800"", ""fcstValue"": ""355""}, {""nx"": 54, ""ny"": 86, ""baseDate"": ""20260602"", ""baseTime"": ""1530"", ""category"": ""WSD"", ""fcstDate"": ""20260602"", ""fcstTime"": ""1800"", ""fcstValue"": ""1""}]",2026-06-02 16:35:15,2026-06-02 16:35:15
3303110,2026-06-02 15:30:00,2026-06-02 19:00:00,54,86,20.0,0.0,0.0,0,KMA_ULTRA_FCST,"[{""nx"": 54, ""ny"": 86, ""baseDate"": ""20260602"", ""baseTime"": ""1530"", ""category"": ""LGT"", ""fcstDate"": ""20260602"", ""fcstTime"": ""1900"", ""fcstValue"": ""0""}, {""nx"": 54, ""ny"": 86, ""baseDate"": ""20260602"", ""baseTime"": ""1530"", ""category"": ""PTY"", ""fcstDate"": ""20260602"", ""fcstTime"": ""1900"", ""fcstValue"": ""0""}, {""nx"": 54, ""ny"": 86, ""baseDate"": ""20260602"", ""baseTime"": ""1530"", ""category"": ""RN1"", ""fcstDate"": ""20260602"", ""fcstTime"": ""1900"", ""fcstValue"": ""강수없음""}, {""nx"": 54, ""ny"": 86, ""baseDate"": ""20260602"", ""baseTime"": ""1530"", ""category"": ""SKY"", ""fcstDate"": ""20260602"", ""fcstTime"": ""1900"", ""fcstValue"": ""4""}, {""nx"": 54, ""ny"": 86, ""baseDate"": ""20260602"", ""baseTime"": ""1530"", ""category"": ""T1H"", ""fcstDate"": ""20260602"", ""fcstTime"": ""1900"", ""fcstValue"": ""20""}, {""nx"": 54, ""ny"": 86, ""baseDate"": ""20260602"", ""baseTime"": ""1530"", ""category"": ""REH"", ""fcstDate"": ""20260602"", ""fcstTime"": ""1900"", ""fcstValue"": ""75""}, {""nx"": 54, ""ny"": 86, ""baseDate"": ""20260602"", ""baseTime"": ""1530"", ""category"": ""UUU"", ""fcstDate"": ""20260602"", ""fcstTime"": ""1900"", ""fcstValue"": ""0.7""}, {""nx"": 54, ""ny"": 86, ""baseDate"": ""20260602"", ""baseTime"": ""1530"", ""category"": ""VVV"", ""fcstDate"": ""20260602"", ""fcstTime"": ""1900"", ""fcstValue"": ""-1.4""}, {""nx"": 54, ""ny"": 86, ""baseDate"": ""20260602"", ""baseTime"": ""1530"", ""category"": ""VEC"", ""fcstDate"": ""20260602"", ""fcstTime"": ""1900"", ""fcstValue"": ""335""}, {""nx"": 54, ""ny"": 86, ""baseDate"": ""20260602"", ""baseTime"": ""1530"", ""category"": ""WSD"", ""fcstDate"": ""20260602"", ""fcstTime"": ""1900"", ""fcstValue"": ""2""}]",2026-06-02 16:35:15,2026-06-02 16:35:15
3303110,2026-06-02 15:30:00,2026-06-02 20:00:00,54,86,19.0,0.0,0.0,0,KMA_ULTRA_FCST,"[{""nx"": 54, ""ny"": 86, ""baseDate"": ""20260602"", ""baseTime"": ""1530"", ""category"": ""LGT"", ""fcstDate"": ""20260602"", ""fcstTime"": ""2000"", ""fcstValue"": ""0""}, {""nx"": 54, ""ny"": 86, ""baseDate"": ""20260602"", ""baseTime"": ""1530"", ""category"": ""PTY"", ""fcstDate"": ""20260602"", ""fcstTime"": ""2000"", ""fcstValue"": ""0""}, {""nx"": 54, ""ny"": 86, ""baseDate"": ""20260602"", ""baseTime"": ""1530"", ""category"": ""RN1"", ""fcstDate"": ""20260602"", ""fcstTime"": ""2000"", ""fcstValue"": ""강수없음""}, {""nx"": 54, ""ny"": 86, ""baseDate"": ""20260602"", ""baseTime"": ""1530"", ""category"": ""SKY"", ""fcstDate"": ""20260602"", ""fcstTime"": ""2000"", ""fcstValue"": ""4""}, {""nx"": 54, ""ny"": 86, ""baseDate"": ""20260602"", ""baseTime"": ""1530"", ""category"": ""T1H"", ""fcstDate"": ""20260602"", ""fcstTime"": ""2000"", ""fcstValue"": ""19""}, {""nx"": 54, ""ny"": 86, ""baseDate"": ""20260602"", ""baseTime"": ""1530"", ""category"": ""REH"", ""fcstDate"": ""20260602"", ""fcstTime"": ""2000"", ""fcstValue"": ""80""}, {""nx"": 54, ""ny"": 86, ""baseDate"": ""20260602"", ""baseTime"": ""1530"", ""category"": ""UUU"", ""fcstDate"": ""20260602"", ""fcstTime"": ""2000"", ""fcstValue"": ""1.1""}, {""nx"": 54, ""ny"": 86, ""baseDate"": ""20260602"", ""baseTime"": ""1530"", ""category"": ""VVV"", ""fcstDate"": ""20260602"", ""fcstTime"": ""2000"", ""fcstValue"": ""-1.6""}, {""nx"": 54, ""ny"": 86, ""baseDate"": ""20260602"", ""baseTime"": ""1530"", ""category"": ""VEC"", ""fcstDate"": ""20260602"", ""fcstTime"": ""2000"", ""fcstValue"": ""327""}, {""nx"": 54, ""ny"": 86, ""baseDate"": ""20260602"", ""baseTime"": ""1530"", ""category"": ""WSD"", ""fcstDate"": ""20260602"", ""fcstTime"": ""2000"", ""fcstValue"": ""2""}]",2026-06-02 16:35:15,2026-06-02 16:35:15
3303110,2026-06-02 15:30:00,2026-06-02 21:00:00,54,86,19.0,0.0,0.0,0,KMA_ULTRA_FCST,"[{""nx"": 54, ""ny"": 86, ""baseDate"": ""20260602"", ""baseTime"": ""1530"", ""category"": ""LGT"", ""fcstDate"": ""20260602"", ""fcstTime"": ""2100"", ""fcstValue"": ""0""}, {""nx"": 54, ""ny"": 86, ""baseDate"": ""20260602"", ""baseTime"": ""1530"", ""category"": ""PTY"", ""fcstDate"": ""20260602"", ""fcstTime"": ""2100"", ""fcstValue"": ""0""}, {""nx"": 54, ""ny"": 86, ""baseDate"": ""20260602"", ""baseTime"": ""1530"", ""category"": ""RN1"", ""fcstDate"": ""20260602"", ""fcstTime"": ""2100"", ""fcstValue"": ""강수없음""}, {""nx"": 54, ""ny"": 86, ""baseDate"": ""20260602"", ""baseTime"": ""1530"", ""category"": ""SKY"", ""fcstDate"": ""20260602"", ""fcstTime"": ""2100"", ""fcstValue"": ""4""}, {""nx"": 54, ""ny"": 86, ""baseDate"": ""20260602"", ""baseTime"": ""1530"", ""category"": ""T1H"", ""fcstDate"": ""20260602"", ""fcstTime"": ""2100"", ""fcstValue"": ""19""}, {""nx"": 54, ""ny"": 86, ""baseDate"": ""20260602"", ""baseTime"": ""1530"", ""category"": ""REH"", ""fcstDate"": ""20260602"", ""fcstTime"": ""2100"", ""fcstValue"": ""80""}, {""nx"": 54, ""ny"": 86, ""baseDate"": ""20260602"", ""baseTime"": ""1530"", ""category"": ""UUU"", ""fcstDate"": ""20260602"", ""fcstTime"": ""2100"", ""fcstValue"": ""0.9""}, {""nx"": 54, ""ny"": 86, ""baseDate"": ""20260602"", ""baseTime"": ""1530"", ""category"": ""VVV"", ""fcstDate"": ""20260602"", ""fcstTime"": ""2100"", ""fcstValue"": ""-1.6""}, {""nx"": 54, ""ny"": 86, ""baseDate"": ""20260602"", ""baseTime"": ""1530"", ""category"": ""VEC"", ""fcstDate"": ""20260602"", ""fcstTime"": ""2100"", ""fcstValue"": ""332""}, {""nx"": 54, ""ny"": 86, ""baseDate"": ""20260602"", ""baseTime"": ""1530"", ""category"": ""WSD"", ""fcstDate"": ""20260602"", ""fcstTime"": ""2100"", ""fcstValue"": ""2""}]",2026-06-02 16:35:15,2026-06-02 16:35:15
4001110,2026-06-02 15:30:00,2026-06-02 16:00:00,63,83,25.0,0.0,0.0,0,KMA_ULTRA_FCST,"[{""nx"": 63, ""ny"": 83, ""baseDate"": ""20260602"", ""baseTime"": ""1530"", ""category"": ""LGT"", ""fcstDate"": ""20260602"", ""fcstTime"": ""1600"", ""fcstValue"": ""0""}, {""nx"": 63, ""ny"": 83, ""baseDate"": ""20260602"", ""baseTime"": ""1530"", ""category"": ""PTY"", ""fcstDate"": ""20260602"", ""fcstTime"": ""1600"", ""fcstValue"": ""0""}, {""nx"": 63, ""ny"": 83, ""baseDate"": ""20260602"", ""baseTime"": ""1530"", ""category"": ""RN1"", ""fcstDate"": ""20260602"", ""fcstTime"": ""1600"", ""fcstValue"": ""강수없음""}, {""nx"": 63, ""ny"": 83, ""baseDate"": ""20260602"", ""baseTime"": ""1530"", ""category"": ""SKY"", ""fcstDate"": ""20260602"", ""fcstTime"": ""1600"", ""fcstValue"": ""3""}, {""nx"": 63, ""ny"": 83, ""baseDate"": ""20260602"", ""baseTime"": ""1530"", ""category"": ""T1H"", ""fcstDate"": ""20260602"", ""fcstTime"": ""1600"", ""fcstValue"": ""25""}, {""nx"": 63, ""ny"": 83, ""baseDate"": ""20260602"", ""baseTime"": ""1530"", ""category"": ""REH"", ""fcstDate"": ""20260602"", ""fcstTime"": ""1600"", ""fcstValue"": ""65""}, {""nx"": 63, ""ny"": 83, ""baseDate"": ""20260602"", ""baseTime"": ""1530"", ""category"": ""UUU"", ""fcstDate"": ""20260602"", ""fcstTime"": ""1600"", ""fcstValue"": ""-0.2""}, {""nx"": 63, ""ny"": 83, ""baseDate"": ""20260602"", ""baseTime"": ""1530"", ""category"": ""VVV"", ""fcstDate"": ""20260602"", ""fcstTime"": ""1600"", ""fcstValue"": ""0.3""}, {""nx"": 63, ""ny"": 83, ""baseDate"": ""20260602"", ""baseTime"": ""1530"", ""category"": ""VEC"", ""fcstDate"": ""20260602"", ""fcstTime"": ""1600"", ""fcstValue"": ""135""}, {""nx"": 63, ""ny"": 83, ""baseDate"": ""20260602"", ""baseTime"": ""1530"", ""category"": ""WSD"", ""fcstDate"": ""20260602"", ""fcstTime"": ""1600"", ""fcstValue"": ""0.1""}]",2026-06-02 16:35:16,2026-06-02 16:35:16
4001110,2026-06-02 15:30:00,2026-06-02 17:00:00,63,83,25.0,0.0,0.0,0,KMA_ULTRA_FCST,"[{""nx"": 63, ""ny"": 83, ""baseDate"": ""20260602"", ""baseTime"": ""1530"", ""category"": ""LGT"", ""fcstDate"": ""20260602"", ""fcstTime"": ""1700"", ""fcstValue"": ""0""}, {""nx"": 63, ""ny"": 83, ""baseDate"": ""20260602"", ""baseTime"": ""1530"", ""category"": ""PTY"", ""fcstDate"": ""20260602"", ""fcstTime"": ""1700"", ""fcstValue"": ""0""}, {""nx"": 63, ""ny"": 83, ""baseDate"": ""20260602"", ""baseTime"": ""1530"", ""category"": ""RN1"", ""fcstDate"": ""20260602"", ""fcstTime"": ""1700"", ""fcstValue"": ""강수없음""}, {""nx"": 63, ""ny"": 83, ""baseDate"": ""20260602"", ""baseTime"": ""1530"", ""category"": ""SKY"", ""fcstDate"": ""20260602"", ""fcstTime"": ""1700"", ""fcstValue"": ""3""}, {""nx"": 63, ""ny"": 83, ""baseDate"": ""20260602"", ""baseTime"": ""1530"", ""category"": ""T1H"", ""fcstDate"": ""20260602"", ""fcstTime"": ""1700"", ""fcstValue"": ""25""}, {""nx"": 63, ""ny"": 83, ""baseDate"": ""20260602"", ""baseTime"": ""1530"", ""category"": ""REH"", ""fcstDate"": ""20260602"", ""fcstTime"": ""1700"", ""fcstValue"": ""70""}, {""nx"": 63, ""ny"": 83, ""baseDate"": ""20260602"", ""baseTime"": ""1530"", ""category"": ""UUU"", ""fcstDate"": ""20260602"", ""fcstTime"": ""1700"", ""fcstValue"": ""0.9""}, {""nx"": 63, ""ny"": 83, ""baseDate"": ""20260602"", ""baseTime"": ""1530"", ""category"": ""VVV"", ""fcstDate"": ""20260602"", ""fcstTime"": ""1700"", ""fcstValue"": ""-1.2""}, {""nx"": 63, ""ny"": 83, ""baseDate"": ""20260602"", ""baseTime"": ""1530"", ""category"": ""VEC"", ""fcstDate"": ""20260602"", ""fcstTime"": ""1700"", ""fcstValue"": ""325""}, {""nx"": 63, ""ny"": 83, ""baseDate"": ""20260602"", ""baseTime"": ""1530"", ""category"": ""WSD"", ""fcstDate"": ""20260602"", ""fcstTime"": ""1700"", ""fcstValue"": ""2""}]",2026-06-02 16:35:16,2026-06-02 16:35:16
4001110,2026-06-02 15:30:00,2026-06-02 18:00:00,63,83,24.0,0.0,0.0,0,KMA_ULTRA_FCST,"[{""nx"": 63, ""ny"": 83, ""baseDate"": ""20260602"", ""baseTime"": ""1530"", ""category"": ""LGT"", ""fcstDate"": ""20260602"", ""fcstTime"": ""1800"", ""fcstValue"": ""0""}, {""nx"": 63, ""ny"": 83, ""baseDate"": ""20260602"", ""baseTime"": ""1530"", ""category"": ""PTY"", ""fcstDate"": ""20260602"", ""fcstTime"": ""1800"", ""fcstValue"": ""0""}, {""nx"": 63, ""ny"": 83, ""baseDate"": ""20260602"", ""baseTime"": ""1530"", ""category"": ""RN1"", ""fcstDate"": ""20260602"", ""fcstTime"": ""1800"", ""fcstValue"": ""강수없음""}, {""nx"": 63, ""ny"": 83, ""baseDate"": ""20260602"", ""baseTime"": ""1530"", ""category"": ""SKY"", ""fcstDate"": ""20260602"", ""fcstTime"": ""1800"", ""fcstValue"": ""3""}, {""nx"": 63, ""ny"": 83, ""baseDate"": ""20260602"", ""baseTime"": ""1530"", ""category"": ""T1H"", ""fcstDate"": ""20260602"", ""fcstTime"": ""1800"", ""fcstValue"": ""24""}, {""nx"": 63, ""ny"": 83, ""baseDate"": ""20260602"", ""baseTime"": ""1530"", ""category"": ""REH"", ""fcstDate"": ""20260602"", ""fcstTime"": ""1800"", ""fcstValue"": ""75""}, {""nx"": 63, ""ny"": 83, ""baseDate"": ""20260602"", ""baseTime"": ""1530"", ""category"": ""UUU"", ""fcstDate"": ""20260602"", ""fcstTime"": ""1800"", ""fcstValue"": ""0.4""}, {""nx"": 63, ""ny"": 83, ""baseDate"": ""20260602"", ""baseTime"": ""1530"", ""category"": ""VVV"", ""fcstDate"": ""20260602"", ""fcstTime"": ""1800"", ""fcstValue"": ""-0.5""}, {""nx"": 63, ""ny"": 83, ""baseDate"": ""20260602"", ""baseTime"": ""1530"", ""category"": ""VEC"", ""fcstDate"": ""20260602"", ""fcstTime"": ""1800"", ""fcstValue"": ""326""}, {""nx"": 63, ""ny"": 83, ""baseDate"": ""20260602"", ""baseTime"": ""1530"", ""category"": ""WSD"", ""fcstDate"": ""20260602"", ""fcstTime"": ""1800"", ""fcstValue"": ""1""}]",2026-06-02 16:35:16,2026-06-02 16:35:16
4001110,2026-06-02 15:30:00,2026-06-02 19:00:00,63,83,22.0,0.0,0.0,0,KMA_ULTRA_FCST,"[{""nx"": 63, ""ny"": 83, ""baseDate"": ""20260602"", ""baseTime"": ""1530"", ""category"": ""LGT"", ""fcstDate"": ""20260602"", ""fcstTime"": ""1900"", ""fcstValue"": ""0""}, {""nx"": 63, ""ny"": 83, ""baseDate"": ""20260602"", ""baseTime"": ""1530"", ""category"": ""PTY"", ""fcstDate"": ""20260602"", ""fcstTime"": ""1900"", ""fcstValue"": ""0""}, {""nx"": 63, ""ny"": 83, ""baseDate"": ""20260602"", ""baseTime"": ""1530"", ""category"": ""RN1"", ""fcstDate"": ""20260602"", ""fcstTime"": ""1900"", ""fcstValue"": ""강수없음""}, {""nx"": 63, ""ny"": 83, ""baseDate"": ""20260602"", ""baseTime"": ""1530"", ""category"": ""SKY"", ""fcstDate"": ""20260602"", ""fcstTime"": ""1900"", ""fcstValue"": ""1""}, {""nx"": 63, ""ny"": 83, ""baseDate"": ""20260602"", ""baseTime"": ""1530"", ""category"": ""T1H"", ""fcstDate"": ""20260602"", ""fcstTime"": ""1900"", ""fcstValue"": ""22""}, {""nx"": 63, ""ny"": 83, ""baseDate"": ""20260602"", ""baseTime"": ""1530"", ""category"": ""REH"", ""fcstDate"": ""20260602"", ""fcstTime"": ""1900"", ""fcstValue"": ""75""}, {""nx"": 63, ""ny"": 83, ""baseDate"": ""20260602"", ""baseTime"": ""1530"", ""category"": ""UUU"", ""fcstDate"": ""20260602"", ""fcstTime"": ""1900"", ""fcstValue"": ""0.3""}, {""nx"": 63, ""ny"": 83, ""baseDate"": ""20260602"", ""baseTime"": ""1530"", ""category"": ""VVV"", ""fcstDate"": ""20260602"", ""fcstTime"": ""1900"", ""fcstValue"": ""-0.8""}, {""nx"": 63, ""ny"": 83, ""baseDate"": ""20260602"", ""baseTime"": ""1530"", ""category"": ""VEC"", ""fcstDate"": ""20260602"", ""fcstTime"": ""1900"", ""fcstValue"": ""342""}, {""nx"": 63, ""ny"": 83, ""baseDate"": ""20260602"", ""baseTime"": ""1530"", ""category"": ""WSD"", ""fcstDate"": ""20260602"", ""fcstTime"": ""1900"", ""fcstValue"": ""1""}]",2026-06-02 16:35:16,2026-06-02 16:35:16
4001110,2026-06-02 15:30:00,2026-06-02 20:00:00,63,83,20.0,0.0,0.0,0,KMA_ULTRA_FCST,"[{""nx"": 63, ""ny"": 83, ""baseDate"": ""20260602"", ""baseTime"": ""1530"", ""category"": ""LGT"", ""fcstDate"": ""20260602"", ""fcstTime"": ""2000"", ""fcstValue"": ""0""}, {""nx"": 63, ""ny"": 83, ""baseDate"": ""20260602"", ""baseTime"": ""1530"", ""category"": ""PTY"", ""fcstDate"": ""20260602"", ""fcstTime"": ""2000"", ""fcstValue"": ""0""}, {""nx"": 63, ""ny"": 83, ""baseDate"": ""20260602"", ""baseTime"": ""1530"", ""category"": ""RN1"", ""fcstDate"": ""20260602"", ""fcstTime"": ""2000"", ""fcstValue"": ""강수없음""}, {""nx"": 63, ""ny"": 83, ""baseDate"": ""20260602"", ""baseTime"": ""1530"", ""category"": ""SKY"", ""fcstDate"": ""20260602"", ""fcstTime"": ""2000"", ""fcstValue"": ""4""}, {""nx"": 63, ""ny"": 83, ""baseDate"": ""20260602"", ""baseTime"": ""1530"", ""category"": ""T1H"", ""fcstDate"": ""20260602"", ""fcstTime"": ""2000"", ""fcstValue"": ""20""}, {""nx"": 63, ""ny"": 83, ""baseDate"": ""20260602"", ""baseTime"": ""1530"", ""category"": ""REH"", ""fcstDate"": ""20260602"", ""fcstTime"": ""2000"", ""fcstValue"": ""85""}, {""nx"": 63, ""ny"": 83, ""baseDate"": ""20260602"", ""baseTime"": ""1530"", ""category"": ""UUU"", ""fcstDate"": ""20260602"", ""fcstTime"": ""2000"", ""fcstValue"": ""0.5""}, {""nx"": 63, ""ny"": 83, ""baseDate"": ""20260602"", ""baseTime"": ""1530"", ""category"": ""VVV"", ""fcstDate"": ""20260602"", ""fcstTime"": ""2000"", ""fcstValue"": ""-0.8""}, {""nx"": 63, ""ny"": 83, ""baseDate"": ""20260602"", ""baseTime"": ""1530"", ""category"": ""VEC"", ""fcstDate"": ""20260602"", ""fcstTime"": ""2000"", ""fcstValue"": ""331""}, {""nx"": 63, ""ny"": 83, ""baseDate"": ""20260602"", ""baseTime"": ""1530"", ""category"": ""WSD"", ""fcstDate"": ""20260602"", ""fcstTime"": ""2000"", ""fcstValue"": ""1""}]",2026-06-02 16:35:16,2026-06-02 16:35:16
4001110,2026-06-02 15:30:00,2026-06-02 21:00:00,63,83,20.0,0.0,0.0,0,KMA_ULTRA_FCST,"[{""nx"": 63, ""ny"": 83, ""baseDate"": ""20260602"", ""baseTime"": ""1530"", ""category"": ""LGT"", ""fcstDate"": ""20260602"", ""fcstTime"": ""2100"", ""fcstValue"": ""0""}, {""nx"": 63, ""ny"": 83, ""baseDate"": ""20260602"", ""baseTime"": ""1530"", ""category"": ""PTY"", ""fcstDate"": ""20260602"", ""fcstTime"": ""2100"", ""fcstValue"": ""0""}, {""nx"": 63, ""ny"": 83, ""baseDate"": ""20260602"", ""baseTime"": ""1530"", ""category"": ""RN1"", ""fcstDate"": ""20260602"", ""fcstTime"": ""2100"", ""fcstValue"": ""강수없음""}, {""nx"": 63, ""ny"": 83, ""baseDate"": ""20260602"", ""baseTime"": ""1530"", ""category"": ""SKY"", ""fcstDate"": ""20260602"", ""fcstTime"": ""2100"", ""fcstValue"": ""4""}, {""nx"": 63, ""ny"": 83, ""baseDate"": ""20260602"", ""baseTime"": ""1530"", ""category"": ""T1H"", ""fcstDate"": ""20260602"", ""fcstTime"": ""2100"", ""fcstValue"": ""20""}, {""nx"": 63, ""ny"": 83, ""baseDate"": ""20260602"", ""baseTime"": ""1530"", ""category"": ""REH"", ""fcstDate"": ""20260602"", ""fcstTime"": ""2100"", ""fcstValue"": ""90""}, {""nx"": 63, ""ny"": 83, ""baseDate"": ""20260602"", ""baseTime"": ""1530"", ""category"": ""UUU"", ""fcstDate"": ""20260602"", ""fcstTime"": ""2100"", ""fcstValue"": ""0.4""}, {""nx"": 63, ""ny"": 83, ""baseDate"": ""20260602"", ""baseTime"": ""1530"", ""category"": ""VVV"", ""fcstDate"": ""20260602"", ""fcstTime"": ""2100"", ""fcstValue"": ""-0.8""}, {""nx"": 63, ""ny"": 83, ""baseDate"": ""20260602"", ""baseTime"": ""1530"", ""category"": ""VEC"", ""fcstDate"": ""20260602"", ""fcstTime"": ""2100"", ""fcstValue"": ""336""}, {""nx"": 63, ""ny"": 83, ""baseDate"": ""20260602"", ""baseTime"": ""1530"", ""category"": ""WSD"", ""fcstDate"": ""20260602"", ""fcstTime"": ""2100"", ""fcstValue"": ""1""}]",2026-06-02 16:35:16,2026-06-02 16:35:16
4007110,2026-06-02 15:30:00,2026-06-02 16:00:00,65,72,24.0,0.0,0.0,0,KMA_ULTRA_FCST,"[{""nx"": 65, ""ny"": 72, ""baseDate"": ""20260602"", ""baseTime"": ""1530"", ""category"": ""LGT"", ""fcstDate"": ""20260602"", ""fcstTime"": ""1600"", ""fcstValue"": ""0""}, {""nx"": 65, ""ny"": 72, ""baseDate"": ""20260602"", ""baseTime"": ""1530"", ""category"": ""PTY"", ""fcstDate"": ""20260602"", ""fcstTime"": ""1600"", ""fcstValue"": ""0""}, {""nx"": 65, ""ny"": 72, ""baseDate"": ""20260602"", ""baseTime"": ""1530"", ""category"": ""RN1"", ""fcstDate"": ""20260602"", ""fcstTime"": ""1600"", ""fcstValue"": ""강수없음""}, {""nx"": 65, ""ny"": 72, ""baseDate"": ""20260602"", ""baseTime"": ""1530"", ""category"": ""SKY"", ""fcstDate"": ""20260602"", ""fcstTime"": ""1600"", ""fcstValue"": ""3""}, {""nx"": 65, ""ny"": 72, ""baseDate"": ""20260602"", ""baseTime"": ""1530"", ""category"": ""T1H"", ""fcstDate"": ""20260602"", ""fcstTime"": ""1600"", ""fcstValue"": ""24""}, {""nx"": 65, ""ny"": 72, ""baseDate"": ""20260602"", ""baseTime"": ""1530"", ""category"": ""REH"", ""fcstDate"": ""20260602"", ""fcstTime"": ""1600"", ""fcstValue"": ""80""}, {""nx"": 65, ""ny"": 72, ""baseDate"": ""20260602"", ""baseTime"": ""1530"", ""category"": ""UUU"", ""fcstDate"": ""20260602"", ""fcstTime"": ""1600"", ""fcstValue"": ""-0.4""}, {""nx"": 65, ""ny"": 72, ""baseDate"": ""20260602"", ""baseTime"": ""1530"", ""category"": ""VVV"", ""fcstDate"": ""20260602"", ""fcstTime"": ""1600"", ""fcstValue"": ""0.2""}, {""nx"": 65, ""ny"": 72, ""baseDate"": ""20260602"", ""baseTime"": ""1530"", ""category"": ""VEC"", ""fcstDate"": ""20260602"", ""fcstTime"": ""1600"", ""fcstValue"": ""112""}, {""nx"": 65, ""ny"": 72, ""baseDate"": ""20260602"", ""baseTime"": ""1530"", ""category"": ""WSD"", ""fcstDate"": ""20260602"", ""fcstTime"": ""1600"", ""fcstValue"": ""1""}]",2026-06-02 16:35:17,2026-06-02 16:35:17
4007110,2026-06-02 15:30:00,2026-06-02 17:00:00,65,72,23.0,0.0,0.0,0,KMA_ULTRA_FCST,"[{""nx"": 65, ""ny"": 72, ""baseDate"": ""20260602"", ""baseTime"": ""1530"", ""category"": ""LGT"", ""fcstDate"": ""20260602"", ""fcstTime"": ""1700"", ""fcstValue"": ""0""}, {""nx"": 65, ""ny"": 72, ""baseDate"": ""20260602"", ""baseTime"": ""1530"", ""category"": ""PTY"", ""fcstDate"": ""20260602"", ""fcstTime"": ""1700"", ""fcstValue"": ""0""}, {""nx"": 65, ""ny"": 72, ""baseDate"": ""20260602"", ""baseTime"": ""1530"", ""category"": ""RN1"", ""fcstDate"": ""20260602"", ""fcstTime"": ""1700"", ""fcstValue"": ""강수없음""}, {""nx"": 65, ""ny"": 72, ""baseDate"": ""20260602"", ""baseTime"": ""1530"", ""category"": ""SKY"", ""fcstDate"": ""20260602"", ""fcstTime"": ""1700"", ""fcstValue"": ""4""}, {""nx"": 65, ""ny"": 72, ""baseDate"": ""20260602"", ""baseTime"": ""1530"", ""category"": ""T1H"", ""fcstDate"": ""20260602"", ""fcstTime"": ""1700"", ""fcstValue"": ""23""}, {""nx"": 65, ""ny"": 72, ""baseDate"": ""20260602"", ""baseTime"": ""1530"", ""category"": ""REH"", ""fcstDate"": ""20260602"", ""fcstTime"": ""1700"", ""fcstValue"": ""75""}, {""nx"": 65, ""ny"": 72, ""baseDate"": ""20260602"", ""baseTime"": ""1530"", ""category"": ""UUU"", ""fcstDate"": ""20260602"", ""fcstTime"": ""1700"", ""fcstValue"": ""1.1""}, {""nx"": 65, ""ny"": 72, ""baseDate"": ""20260602"", ""baseTime"": ""1530"", ""category"": ""VVV"", ""fcstDate"": ""20260602"", ""fcstTime"": ""1700"", ""fcstValue"": ""-1""}, {""nx"": 65, ""ny"": 72, ""baseDate"": ""20260602"", ""baseTime"": ""1530"", ""category"": ""VEC"", ""fcstDate"": ""20260602"", ""fcstTime"": ""1700"", ""fcstValue"": ""315""}, {""nx"": 65, ""ny"": 72, ""baseDate"": ""20260602"", ""baseTime"": ""1530"", ""category"": ""WSD"", ""fcstDate"": ""20260602"", ""fcstTime"": ""1700"", ""fcstValue"": ""2""}]",2026-06-02 16:35:17,2026-06-02 16:35:17
4007110,2026-06-02 15:30:00,2026-06-02 18:00:00,65,72,23.0,0.0,0.0,0,KMA_ULTRA_FCST,"[{""nx"": 65, ""ny"": 72, ""baseDate"": ""20260602"", ""baseTime"": ""1530"", ""category"": ""LGT"", ""fcstDate"": ""20260602"", ""fcstTime"": ""1800"", ""fcstValue"": ""0""}, {""nx"": 65, ""ny"": 72, ""baseDate"": ""20260602"", ""baseTime"": ""1530"", ""category"": ""PTY"", ""fcstDate"": ""20260602"", ""fcstTime"": ""1800"", ""fcstValue"": ""0""}, {""nx"": 65, ""ny"": 72, ""baseDate"": ""20260602"", ""baseTime"": ""1530"", ""category"": ""RN1"", ""fcstDate"": ""20260602"", ""fcstTime"": ""1800"", ""fcstValue"": ""강수없음""}, {""nx"": 65, ""ny"": 72, ""baseDate"": ""20260602"", ""baseTime"": ""1530"", ""category"": ""SKY"", ""fcstDate"": ""20260602"", ""fcstTime"": ""1800"", ""fcstValue"": ""4""}, {""nx"": 65, ""ny"": 72, ""baseDate"": ""20260602"", ""baseTime"": ""1530"", ""category"": ""T1H"", ""fcstDate"": ""20260602"", ""fcstTime"": ""1800"", ""fcstValue"": ""23""}, {""nx"": 65, ""ny"": 72, ""baseDate"": ""20260602"", ""baseTime"": ""1530"", ""category"": ""REH"", ""fcstDate"": ""20260602"", ""fcstTime"": ""1800"", ""fcstValue"": ""70""}, {""nx"": 65, ""ny"": 72, ""baseDate"": ""20260602"", ""baseTime"": ""1530"", ""category"": ""UUU"", ""fcstDate"": ""20260602"", ""fcstTime"": ""1800"", ""fcstValue"": ""0.8""}, {""nx"": 65, ""ny"": 72, ""baseDate"": ""20260602"", ""baseTime"": ""1530"", ""category"": ""VVV"", ""fcstDate"": ""20260602"", ""fcstTime"": ""1800"", ""fcstValue"": ""-1.1""}, {""nx"": 65, ""ny"": 72, ""baseDate"": ""20260602"", ""baseTime"": ""1530"", ""category"": ""VEC"", ""fcstDate"": ""20260602"", ""fcstTime"": ""1800"", ""fcstValue"": ""326""}, {""nx"": 65, ""ny"": 72, ""baseDate"": ""20260602"", ""baseTime"": ""1530"", ""category"": ""WSD"", ""fcstDate"": ""20260602"", ""fcstTime"": ""1800"", ""fcstValue"": ""1""}]",2026-06-02 16:35:17,2026-06-02 16:35:17
4007110,2026-06-02 15:30:00,2026-06-02 19:00:00,65,72,22.0,0.0,0.0,0,KMA_ULTRA_FCST,"[{""nx"": 65, ""ny"": 72, ""baseDate"": ""20260602"", ""baseTime"": ""1530"", ""category"": ""LGT"", ""fcstDate"": ""20260602"", ""fcstTime"": ""1900"", ""fcstValue"": ""0""}, {""nx"": 65, ""ny"": 72, ""baseDate"": ""20260602"", ""baseTime"": ""1530"", ""category"": ""PTY"", ""fcstDate"": ""20260602"", ""fcstTime"": ""1900"", ""fcstValue"": ""0""}, {""nx"": 65, ""ny"": 72, ""baseDate"": ""20260602"", ""baseTime"": ""1530"", ""category"": ""RN1"", ""fcstDate"": ""20260602"", ""fcstTime"": ""1900"", ""fcstValue"": ""강수없음""}, {""nx"": 65, ""ny"": 72, ""baseDate"": ""20260602"", ""baseTime"": ""1530"", ""category"": ""SKY"", ""fcstDate"": ""20260602"", ""fcstTime"": ""1900"", ""fcstValue"": ""4""}, {""nx"": 65, ""ny"": 72, ""baseDate"": ""20260602"", ""baseTime"": ""1530"", ""category"": ""T1H"", ""fcstDate"": ""20260602"", ""fcstTime"": ""1900"", ""fcstValue"": ""22""}, {""nx"": 65, ""ny"": 72, ""baseDate"": ""20260602"", ""baseTime"": ""1530"", ""category"": ""REH"", ""fcstDate"": ""20260602"", ""fcstTime"": ""1900"", ""fcstValue"": ""80""}, {""nx"": 65, ""ny"": 72, ""baseDate"": ""20260602"", ""baseTime"": ""1530"", ""category"": ""UUU"", ""fcstDate"": ""20260602"", ""fcstTime"": ""1900"", ""fcstValue"": ""0.5""}, {""nx"": 65, ""ny"": 72, ""baseDate"": ""20260602"", ""baseTime"": ""1530"", ""category"": ""VVV"", ""fcstDate"": ""20260602"", ""fcstTime"": ""1900"", ""fcstValue"": ""-0.8""}, {""nx"": 65, ""ny"": 72, ""baseDate"": ""20260602"", ""baseTime"": ""1530"", ""category"": ""VEC"", ""fcstDate"": ""20260602"", ""fcstTime"": ""1900"", ""fcstValue"": ""331""}, {""nx"": 65, ""ny"": 72, ""baseDate"": ""20260602"", ""baseTime"": ""1530"", ""category"": ""WSD"", ""fcstDate"": ""20260602"", ""fcstTime"": ""1900"", ""fcstValue"": ""1""}]",2026-06-02 16:35:17,2026-06-02 16:35:17
4007110,2026-06-02 15:30:00,2026-06-02 20:00:00,65,72,21.0,0.0,0.0,0,KMA_ULTRA_FCST,"[{""nx"": 65, ""ny"": 72, ""baseDate"": ""20260602"", ""baseTime"": ""1530"", ""category"": ""LGT"", ""fcstDate"": ""20260602"", ""fcstTime"": ""2000"", ""fcstValue"": ""0""}, {""nx"": 65, ""ny"": 72, ""baseDate"": ""20260602"", ""baseTime"": ""1530"", ""category"": ""PTY"", ""fcstDate"": ""20260602"", ""fcstTime"": ""2000"", ""fcstValue"": ""0""}, {""nx"": 65, ""ny"": 72, ""baseDate"": ""20260602"", ""baseTime"": ""1530"", ""category"": ""RN1"", ""fcstDate"": ""20260602"", ""fcstTime"": ""2000"", ""fcstValue"": ""강수없음""}, {""nx"": 65, ""ny"": 72, ""baseDate"": ""20260602"", ""baseTime"": ""1530"", ""category"": ""SKY"", ""fcstDate"": ""20260602"", ""fcstTime"": ""2000"", ""fcstValue"": ""4""}, {""nx"": 65, ""ny"": 72, ""baseDate"": ""20260602"", ""baseTime"": ""1530"", ""category"": ""T1H"", ""fcstDate"": ""20260602"", ""fcstTime"": ""2000"", ""fcstValue"": ""21""}, {""nx"": 65, ""ny"": 72, ""baseDate"": ""20260602"", ""baseTime"": ""1530"", ""category"": ""REH"", ""fcstDate"": ""20260602"", ""fcstTime"": ""2000"", ""fcstValue"": ""80""}, {""nx"": 65, ""ny"": 72, ""baseDate"": ""20260602"", ""baseTime"": ""1530"", ""category"": ""UUU"", ""fcstDate"": ""20260602"", ""fcstTime"": ""2000"", ""fcstValue"": ""0.5""}, {""nx"": 65, ""ny"": 72, ""baseDate"": ""20260602"", ""baseTime"": ""1530"", ""category"": ""VVV"", ""fcstDate"": ""20260602"", ""fcstTime"": ""2000"", ""fcstValue"": ""-0.8""}, {""nx"": 65, ""ny"": 72, ""baseDate"": ""20260602"", ""baseTime"": ""1530"", ""category"": ""VEC"", ""fcstDate"": ""20260602"", ""fcstTime"": ""2000"", ""fcstValue"": ""331""}, {""nx"": 65, ""ny"": 72, ""baseDate"": ""20260602"", ""baseTime"": ""1530"", ""category"": ""WSD"", ""fcstDate"": ""20260602"", ""fcstTime"": ""2000"", ""fcstValue"": ""1""}]",2026-06-02 16:35:17,2026-06-02 16:35:17
4007110,2026-06-02 15:30:00,2026-06-02 21:00:00,65,72,20.0,0.0,0.0,0,KMA_ULTRA_FCST,"[{""nx"": 65, ""ny"": 72, ""baseDate"": ""20260602"", ""baseTime"": ""1530"", ""category"": ""LGT"", ""fcstDate"": ""20260602"", ""fcstTime"": ""2100"", ""fcstValue"": ""0""}, {""nx"": 65, ""ny"": 72, ""baseDate"": ""20260602"", ""baseTime"": ""1530"", ""category"": ""PTY"", ""fcstDate"": ""20260602"", ""fcstTime"": ""2100"", ""fcstValue"": ""0""}, {""nx"": 65, ""ny"": 72, ""baseDate"": ""20260602"", ""baseTime"": ""1530"", ""category"": ""RN1"", ""fcstDate"": ""20260602"", ""fcstTime"": ""2100"", ""fcstValue"": ""강수없음""}, {""nx"": 65, ""ny"": 72, ""baseDate"": ""20260602"", ""baseTime"": ""1530"", ""category"": ""SKY"", ""fcstDate"": ""20260602"", ""fcstTime"": ""2100"", ""fcstValue"": ""4""}, {""nx"": 65, ""ny"": 72, ""baseDate"": ""20260602"", ""baseTime"": ""1530"", ""category"": ""T1H"", ""fcstDate"": ""20260602"", ""fcstTime"": ""2100"", ""fcstValue"": ""20""}, {""nx"": 65, ""ny"": 72, ""baseDate"": ""20260602"", ""baseTime"": ""1530"", ""category"": ""REH"", ""fcstDate"": ""20260602"", ""fcstTime"": ""2100"", ""fcstValue"": ""85""}, {""nx"": 65, ""ny"": 72, ""baseDate"": ""20260602"", ""baseTime"": ""1530"", ""category"": ""UUU"", ""fcstDate"": ""20260602"", ""fcstTime"": ""2100"", ""fcstValue"": ""0.6""}, {""nx"": 65, ""ny"": 72, ""baseDate"": ""20260602"", ""baseTime"": ""1530"", ""category"": ""VVV"", ""fcstDate"": ""20260602"", ""fcstTime"": ""2100"", ""fcstValue"": ""-1""}, {""nx"": 65, ""ny"": 72, ""baseDate"": ""20260602"", ""baseTime"": ""1530"", ""category"": ""VEC"", ""fcstDate"": ""20260602"", ""fcstTime"": ""2100"", ""fcstValue"": ""331""}, {""nx"": 65, ""ny"": 72, ""baseDate"": ""20260602"", ""baseTime"": ""1530"", ""category"": ""WSD"", ""fcstDate"": ""20260602"", ""fcstTime"": ""2100"", ""fcstValue"": ""1""}]",2026-06-02 16:35:17,2026-06-02 16:35:17
4104610,2026-06-02 15:30:00,2026-06-02 16:00:00,66,72,24.0,0.0,0.0,0,KMA_ULTRA_FCST,"[{""nx"": 66, ""ny"": 72, ""baseDate"": ""20260602"", ""baseTime"": ""1530"", ""category"": ""LGT"", ""fcstDate"": ""20260602"", ""fcstTime"": ""1600"", ""fcstValue"": ""0""}, {""nx"": 66, ""ny"": 72, ""baseDate"": ""20260602"", ""baseTime"": ""1530"", ""category"": ""PTY"", ""fcstDate"": ""20260602"", ""fcstTime"": ""1600"", ""fcstValue"": ""0""}, {""nx"": 66, ""ny"": 72, ""baseDate"": ""20260602"", ""baseTime"": ""1530"", ""category"": ""RN1"", ""fcstDate"": ""20260602"", ""fcstTime"": ""1600"", ""fcstValue"": ""강수없음""}, {""nx"": 66, ""ny"": 72, ""baseDate"": ""20260602"", ""baseTime"": ""1530"", ""category"": ""SKY"", ""fcstDate"": ""20260602"", ""fcstTime"": ""1600"", ""fcstValue"": ""3""}, {""nx"": 66, ""ny"": 72, ""baseDate"": ""20260602"", ""baseTime"": ""1530"", ""category"": ""T1H"", ""fcstDate"": ""20260602"", ""fcstTime"": ""1600"", ""fcstValue"": ""24""}, {""nx"": 66, ""ny"": 72, ""baseDate"": ""20260602"", ""baseTime"": ""1530"", ""category"": ""REH"", ""fcstDate"": ""20260602"", ""fcstTime"": ""1600"", ""fcstValue"": ""80""}, {""nx"": 66, ""ny"": 72, ""baseDate"": ""20260602"", ""baseTime"": ""1530"", ""category"": ""UUU"", ""fcstDate"": ""20260602"", ""fcstTime"": ""1600"", ""fcstValue"": ""-0.2""}, {""nx"": 66, ""ny"": 72, ""baseDate"": ""20260602"", ""baseTime"": ""1530"", ""category"": ""VVV"", ""fcstDate"": ""20260602"", ""fcstTime"": ""1600"", ""fcstValue"": ""0.4""}, {""nx"": 66, ""ny"": 72, ""baseDate"": ""20260602"", ""baseTime"": ""1530"", ""category"": ""VEC"", ""fcstDate"": ""20260602"", ""fcstTime"": ""1600"", ""fcstValue"": ""143""}, {""nx"": 66, ""ny"": 72, ""baseDate"": ""20260602"", ""baseTime"": ""1530"", ""category"": ""WSD"", ""fcstDate"": ""20260602"", ""fcstTime"": ""1600"", ""fcstValue"": ""1""}]",2026-06-02 16:35:18,2026-06-02 16:35:18
4104610,2026-06-02 15:30:00,2026-06-02 17:00:00,66,72,23.0,0.0,0.0,0,KMA_ULTRA_FCST,"[{""nx"": 66, ""ny"": 72, ""baseDate"": ""20260602"", ""baseTime"": ""1530"", ""category"": ""LGT"", ""fcstDate"": ""20260602"", ""fcstTime"": ""1700"", ""fcstValue"": ""0""}, {""nx"": 66, ""ny"": 72, ""baseDate"": ""20260602"", ""baseTime"": ""1530"", ""category"": ""PTY"", ""fcstDate"": ""20260602"", ""fcstTime"": ""1700"", ""fcstValue"": ""0""}, {""nx"": 66, ""ny"": 72, ""baseDate"": ""20260602"", ""baseTime"": ""1530"", ""category"": ""RN1"", ""fcstDate"": ""20260602"", ""fcstTime"": ""1700"", ""fcstValue"": ""강수없음""}, {""nx"": 66, ""ny"": 72, ""baseDate"": ""20260602"", ""baseTime"": ""1530"", ""category"": ""SKY"", ""fcstDate"": ""20260602"", ""fcstTime"": ""1700"", ""fcstValue"": ""3""}, {""nx"": 66, ""ny"": 72, ""baseDate"": ""20260602"", ""baseTime"": ""1530"", ""category"": ""T1H"", ""fcstDate"": ""20260602"", ""fcstTime"": ""1700"", ""fcstValue"": ""23""}, {""nx"": 66, ""ny"": 72, ""baseDate"": ""20260602"", ""baseTime"": ""1530"", ""category"": ""REH"", ""fcstDate"": ""20260602"", ""fcstTime"": ""1700"", ""fcstValue"": ""75""}, {""nx"": 66, ""ny"": 72, ""baseDate"": ""20260602"", ""baseTime"": ""1530"", ""category"": ""UUU"", ""fcstDate"": ""20260602"", ""fcstTime"": ""1700"", ""fcstValue"": ""1.3""}, {""nx"": 66, ""ny"": 72, ""baseDate"": ""20260602"", ""baseTime"": ""1530"", ""category"": ""VVV"", ""fcstDate"": ""20260602"", ""fcstTime"": ""1700"", ""fcstValue"": ""-0.8""}, {""nx"": 66, ""ny"": 72, ""baseDate"": ""20260602"", ""baseTime"": ""1530"", ""category"": ""VEC"", ""fcstDate"": ""20260602"", ""fcstTime"": ""1700"", ""fcstValue"": ""305""}, {""nx"": 66, ""ny"": 72, ""baseDate"": ""20260602"", ""baseTime"": ""1530"", ""category"": ""WSD"", ""fcstDate"": ""20260602"", ""fcstTime"": ""1700"", ""fcstValue"": ""2""}]",2026-06-02 16:35:18,2026-06-02 16:35:18
4104610,2026-06-02 15:30:00,2026-06-02 18:00:00,66,72,23.0,0.0,0.0,0,KMA_ULTRA_FCST,"[{""nx"": 66, ""ny"": 72, ""baseDate"": ""20260602"", ""baseTime"": ""1530"", ""category"": ""LGT"", ""fcstDate"": ""20260602"", ""fcstTime"": ""1800"", ""fcstValue"": ""0""}, {""nx"": 66, ""ny"": 72, ""baseDate"": ""20260602"", ""baseTime"": ""1530"", ""category"": ""PTY"", ""fcstDate"": ""20260602"", ""fcstTime"": ""1800"", ""fcstValue"": ""0""}, {""nx"": 66, ""ny"": 72, ""baseDate"": ""20260602"", ""baseTime"": ""1530"", ""category"": ""RN1"", ""fcstDate"": ""20260602"", ""fcstTime"": ""1800"", ""fcstValue"": ""강수없음""}, {""nx"": 66, ""ny"": 72, ""baseDate"": ""20260602"", ""baseTime"": ""1530"", ""category"": ""SKY"", ""fcstDate"": ""20260602"", ""fcstTime"": ""1800"", ""fcstValue"": ""4""}, {""nx"": 66, ""ny"": 72, ""baseDate"": ""20260602"", ""baseTime"": ""1530"", ""category"": ""T1H"", ""fcstDate"": ""20260602"", ""fcstTime"": ""1800"", ""fcstValue"": ""23""}, {""nx"": 66, ""ny"": 72, ""baseDate"": ""20260602"", ""baseTime"": ""1530"", ""category"": ""REH"", ""fcstDate"": ""20260602"", ""fcstTime"": ""1800"", ""fcstValue"": ""75""}, {""nx"": 66, ""ny"": 72, ""baseDate"": ""20260602"", ""baseTime"": ""1530"", ""category"": ""UUU"", ""fcstDate"": ""20260602"", ""fcstTime"": ""1800"", ""fcstValue"": ""0.9""}, {""nx"": 66, ""ny"": 72, ""baseDate"": ""20260602"", ""baseTime"": ""1530"", ""category"": ""VVV"", ""fcstDate"": ""20260602"", ""fcstTime"": ""1800"", ""fcstValue"": ""-0.8""}, {""nx"": 66, ""ny"": 72, ""baseDate"": ""20260602"", ""baseTime"": ""1530"", ""category"": ""VEC"", ""fcstDate"": ""20260602"", ""fcstTime"": ""1800"", ""fcstValue"": ""315""}, {""nx"": 66, ""ny"": 72, ""baseDate"": ""20260602"", ""baseTime"": ""1530"", ""category"": ""WSD"", ""fcstDate"": ""20260602"", ""fcstTime"": ""1800"", ""fcstValue"": ""1""}]",2026-06-02 16:35:18,2026-06-02 16:35:18
4104610,2026-06-02 15:30:00,2026-06-02 19:00:00,66,72,23.0,0.0,0.0,0,KMA_ULTRA_FCST,"[{""nx"": 66, ""ny"": 72, ""baseDate"": ""20260602"", ""baseTime"": ""1530"", ""category"": ""LGT"", ""fcstDate"": ""20260602"", ""fcstTime"": ""1900"", ""fcstValue"": ""0""}, {""nx"": 66, ""ny"": 72, ""baseDate"": ""20260602"", ""baseTime"": ""1530"", ""category"": ""PTY"", ""fcstDate"": ""20260602"", ""fcstTime"": ""1900"", ""fcstValue"": ""0""}, {""nx"": 66, ""ny"": 72, ""baseDate"": ""20260602"", ""baseTime"": ""1530"", ""category"": ""RN1"", ""fcstDate"": ""20260602"", ""fcstTime"": ""1900"", ""fcstValue"": ""강수없음""}, {""nx"": 66, ""ny"": 72, ""baseDate"": ""20260602"", ""baseTime"": ""1530"", ""category"": ""SKY"", ""fcstDate"": ""20260602"", ""fcstTime"": ""1900"", ""fcstValue"": ""3""}, {""nx"": 66, ""ny"": 72, ""baseDate"": ""20260602"", ""baseTime"": ""1530"", ""category"": ""T1H"", ""fcstDate"": ""20260602"", ""fcstTime"": ""1900"", ""fcstValue"": ""23""}, {""nx"": 66, ""ny"": 72, ""baseDate"": ""20260602"", ""baseTime"": ""1530"", ""category"": ""REH"", ""fcstDate"": ""20260602"", ""fcstTime"": ""1900"", ""fcstValue"": ""75""}, {""nx"": 66, ""ny"": 72, ""baseDate"": ""20260602"", ""baseTime"": ""1530"", ""category"": ""UUU"", ""fcstDate"": ""20260602"", ""fcstTime"": ""1900"", ""fcstValue"": ""0.7""}, {""nx"": 66, ""ny"": 72, ""baseDate"": ""20260602"", ""baseTime"": ""1530"", ""category"": ""VVV"", ""fcstDate"": ""20260602"", ""fcstTime"": ""1900"", ""fcstValue"": ""-0.9""}, {""nx"": 66, ""ny"": 72, ""baseDate"": ""20260602"", ""baseTime"": ""1530"", ""category"": ""VEC"", ""fcstDate"": ""20260602"", ""fcstTime"": ""1900"", ""fcstValue"": ""325""}, {""nx"": 66, ""ny"": 72, ""baseDate"": ""20260602"", ""baseTime"": ""1530"", ""category"": ""WSD"", ""fcstDate"": ""20260602"", ""fcstTime"": ""1900"", ""fcstValue"": ""1""}]",2026-06-02 16:35:18,2026-06-02 16:35:18
4104610,2026-06-02 15:30:00,2026-06-02 20:00:00,66,72,21.0,0.0,0.0,0,KMA_ULTRA_FCST,"[{""nx"": 66, ""ny"": 72, ""baseDate"": ""20260602"", ""baseTime"": ""1530"", ""category"": ""LGT"", ""fcstDate"": ""20260602"", ""fcstTime"": ""2000"", ""fcstValue"": ""0""}, {""nx"": 66, ""ny"": 72, ""baseDate"": ""20260602"", ""baseTime"": ""1530"", ""category"": ""PTY"", ""fcstDate"": ""20260602"", ""fcstTime"": ""2000"", ""fcstValue"": ""0""}, {""nx"": 66, ""ny"": 72, ""baseDate"": ""20260602"", ""baseTime"": ""1530"", ""category"": ""RN1"", ""fcstDate"": ""20260602"", ""fcstTime"": ""2000"", ""fcstValue"": ""강수없음""}, {""nx"": 66, ""ny"": 72, ""baseDate"": ""20260602"", ""baseTime"": ""1530"", ""category"": ""SKY"", ""fcstDate"": ""20260602"", ""fcstTime"": ""2000"", ""fcstValue"": ""4""}, {""nx"": 66, ""ny"": 72, ""baseDate"": ""20260602"", ""baseTime"": ""1530"", ""category"": ""T1H"", ""fcstDate"": ""20260602"", ""fcstTime"": ""2000"", ""fcstValue"": ""21""}, {""nx"": 66, ""ny"": 72, ""baseDate"": ""20260602"", ""baseTime"": ""1530"", ""category"": ""REH"", ""fcstDate"": ""20260602"", ""fcstTime"": ""2000"", ""fcstValue"": ""80""}, {""nx"": 66, ""ny"": 72, ""baseDate"": ""20260602"", ""baseTime"": ""1530"", ""category"": ""UUU"", ""fcstDate"": ""20260602"", ""fcstTime"": ""2000"", ""fcstValue"": ""0.4""}, {""nx"": 66, ""ny"": 72, ""baseDate"": ""20260602"", ""baseTime"": ""1530"", ""category"": ""VVV"", ""fcstDate"": ""20260602"", ""fcstTime"": ""2000"", ""fcstValue"": ""-0.7""}, {""nx"": 66, ""ny"": 72, ""baseDate"": ""20260602"", ""baseTime"": ""1530"", ""category"": ""VEC"", ""fcstDate"": ""20260602"", ""fcstTime"": ""2000"", ""fcstValue"": ""333""}, {""nx"": 66, ""ny"": 72, ""baseDate"": ""20260602"", ""baseTime"": ""1530"", ""category"": ""WSD"", ""fcstDate"": ""20260602"", ""fcstTime"": ""2000"", ""fcstValue"": ""1""}]",2026-06-02 16:35:18,2026-06-02 16:35:18
4104610,2026-06-02 15:30:00,2026-06-02 21:00:00,66,72,21.0,0.0,0.0,0,KMA_ULTRA_FCST,"[{""nx"": 66, ""ny"": 72, ""baseDate"": ""20260602"", ""baseTime"": ""1530"", ""category"": ""LGT"", ""fcstDate"": ""20260602"", ""fcstTime"": ""2100"", ""fcstValue"": ""0""}, {""nx"": 66, ""ny"": 72, ""baseDate"": ""20260602"", ""baseTime"": ""1530"", ""category"": ""PTY"", ""fcstDate"": ""20260602"", ""fcstTime"": ""2100"", ""fcstValue"": ""0""}, {""nx"": 66, ""ny"": 72, ""baseDate"": ""20260602"", ""baseTime"": ""1530"", ""category"": ""RN1"", ""fcstDate"": ""20260602"", ""fcstTime"": ""2100"", ""fcstValue"": ""강수없음""}, {""nx"": 66, ""ny"": 72, ""baseDate"": ""20260602"", ""baseTime"": ""1530"", ""category"": ""SKY"", ""fcstDate"": ""20260602"", ""fcstTime"": ""2100"", ""fcstValue"": ""4""}, {""nx"": 66, ""ny"": 72, ""baseDate"": ""20260602"", ""baseTime"": ""1530"", ""category"": ""T1H"", ""fcstDate"": ""20260602"", ""fcstTime"": ""2100"", ""fcstValue"": ""21""}, {""nx"": 66, ""ny"": 72, ""baseDate"": ""20260602"", ""baseTime"": ""1530"", ""category"": ""REH"", ""fcstDate"": ""20260602"", ""fcstTime"": ""2100"", ""fcstValue"": ""85""}, {""nx"": 66, ""ny"": 72, ""baseDate"": ""20260602"", ""baseTime"": ""1530"", ""category"": ""UUU"", ""fcstDate"": ""20260602"", ""fcstTime"": ""2100"", ""fcstValue"": ""0.9""}, {""nx"": 66, ""ny"": 72, ""baseDate"": ""20260602"", ""baseTime"": ""1530"", ""category"": ""VVV"", ""fcstDate"": ""20260602"", ""fcstTime"": ""2100"", ""fcstValue"": ""-1""}, {""nx"": 66, ""ny"": 72, ""baseDate"": ""20260602"", ""baseTime"": ""1530"", ""category"": ""VEC"", ""fcstDate"": ""20260602"", ""fcstTime"": ""2100"", ""fcstValue"": ""321""}, {""nx"": 66, ""ny"": 72, ""baseDate"": ""20260602"", ""baseTime"": ""1530"", ""category"": ""WSD"", ""fcstDate"": ""20260602"", ""fcstTime"": ""2100"", ""fcstValue"": ""1""}]",2026-06-02 16:35:18,2026-06-02 16:35:18
5101110,2026-06-02 15:30:00,2026-06-02 16:00:00,60,66,23.0,0.0,0.0,0,KMA_ULTRA_FCST,"[{""nx"": 60, ""ny"": 66, ""baseDate"": ""20260602"", ""baseTime"": ""1530"", ""category"": ""LGT"", ""fcstDate"": ""20260602"", ""fcstTime"": ""1600"", ""fcstValue"": ""0""}, {""nx"": 60, ""ny"": 66, ""baseDate"": ""20260602"", ""baseTime"": ""1530"", ""category"": ""PTY"", ""fcstDate"": ""20260602"", ""fcstTime"": ""1600"", ""fcstValue"": ""0""}, {""nx"": 60, ""ny"": 66, ""baseDate"": ""20260602"", ""baseTime"": ""1530"", ""category"": ""RN1"", ""fcstDate"": ""20260602"", ""fcstTime"": ""1600"", ""fcstValue"": ""강수없음""}, {""nx"": 60, ""ny"": 66, ""baseDate"": ""20260602"", ""baseTime"": ""1530"", ""category"": ""SKY"", ""fcstDate"": ""20260602"", ""fcstTime"": ""1600"", ""fcstValue"": ""4""}, {""nx"": 60, ""ny"": 66, ""baseDate"": ""20260602"", ""baseTime"": ""1530"", ""category"": ""T1H"", ""fcstDate"": ""20260602"", ""fcstTime"": ""1600"", ""fcstValue"": ""23""}, {""nx"": 60, ""ny"": 66, ""baseDate"": ""20260602"", ""baseTime"": ""1530"", ""category"": ""REH"", ""fcstDate"": ""20260602"", ""fcstTime"": ""1600"", ""fcstValue"": ""75""}, {""nx"": 60, ""ny"": 66, ""baseDate"": ""20260602"", ""baseTime"": ""1530"", ""category"": ""UUU"", ""fcstDate"": ""20260602"", ""fcstTime"": ""1600"", ""fcstValue"": ""-1.1""}, {""nx"": 60, ""ny"": 66, ""baseDate"": ""20260602"", ""baseTime"": ""1530"", ""category"": ""VVV"", ""fcstDate"": ""20260602"", ""fcstTime"": ""1600"", ""fcstValue"": ""0.5""}, {""nx"": 60, ""ny"": 66, ""baseDate"": ""20260602"", ""baseTime"": ""1530"", ""category"": ""VEC"", ""fcstDate"": ""20260602"", ""fcstTime"": ""1600"", ""fcstValue"": ""113""}, {""nx"": 60, ""ny"": 66, ""baseDate"": ""20260602"", ""baseTime"": ""1530"", ""category"": ""WSD"", ""fcstDate"": ""20260602"", ""fcstTime"": ""1600"", ""fcstValue"": ""1""}]",2026-06-02 16:35:19,2026-06-02 16:35:19
5101110,2026-06-02 15:30:00,2026-06-02 17:00:00,60,66,23.0,0.0,0.0,0,KMA_ULTRA_FCST,"[{""nx"": 60, ""ny"": 66, ""baseDate"": ""20260602"", ""baseTime"": ""1530"", ""category"": ""LGT"", ""fcstDate"": ""20260602"", ""fcstTime"": ""1700"", ""fcstValue"": ""0""}, {""nx"": 60, ""ny"": 66, ""baseDate"": ""20260602"", ""baseTime"": ""1530"", ""category"": ""PTY"", ""fcstDate"": ""20260602"", ""fcstTime"": ""1700"", ""fcstValue"": ""0""}, {""nx"": 60, ""ny"": 66, ""baseDate"": ""20260602"", ""baseTime"": ""1530"", ""category"": ""RN1"", ""fcstDate"": ""20260602"", ""fcstTime"": ""1700"", ""fcstValue"": ""강수없음""}, {""nx"": 60, ""ny"": 66, ""baseDate"": ""20260602"", ""baseTime"": ""1530"", ""category"": ""SKY"", ""fcstDate"": ""20260602"", ""fcstTime"": ""1700"", ""fcstValue"": ""4""}, {""nx"": 60, ""ny"": 66, ""baseDate"": ""20260602"", ""baseTime"": ""1530"", ""category"": ""T1H"", ""fcstDate"": ""20260602"", ""fcstTime"": ""1700"", ""fcstValue"": ""23""}, {""nx"": 60, ""ny"": 66, ""baseDate"": ""20260602"", ""baseTime"": ""1530"", ""category"": ""REH"", ""fcstDate"": ""20260602"", ""fcstTime"": ""1700"", ""fcstValue"": ""75""}, {""nx"": 60, ""ny"": 66, ""baseDate"": ""20260602"", ""baseTime"": ""1530"", ""category"": ""UUU"", ""fcstDate"": ""20260602"", ""fcstTime"": ""1700"", ""fcstValue"": ""-0.5""}, {""nx"": 60, ""ny"": 66, ""baseDate"": ""20260602"", ""baseTime"": ""1530"", ""category"": ""VVV"", ""fcstDate"": ""20260602"", ""fcstTime"": ""1700"", ""fcstValue"": ""-0.1""}, {""nx"": 60, ""ny"": 66, ""baseDate"": ""20260602"", ""baseTime"": ""1530"", ""category"": ""VEC"", ""fcstDate"": ""20260602"", ""fcstTime"": ""1700"", ""fcstValue"": ""72""}, {""nx"": 60, ""ny"": 66, ""baseDate"": ""20260602"", ""baseTime"": ""1530"", ""category"": ""WSD"", ""fcstDate"": ""20260602"", ""fcstTime"": ""1700"", ""fcstValue"": ""1""}]",2026-06-02 16:35:19,2026-06-02 16:35:19
5101110,2026-06-02 15:30:00,2026-06-02 18:00:00,60,66,22.0,0.0,0.0,0,KMA_ULTRA_FCST,"[{""nx"": 60, ""ny"": 66, ""baseDate"": ""20260602"", ""baseTime"": ""1530"", ""category"": ""LGT"", ""fcstDate"": ""20260602"", ""fcstTime"": ""1800"", ""fcstValue"": ""0""}, {""nx"": 60, ""ny"": 66, ""baseDate"": ""20260602"", ""baseTime"": ""1530"", ""category"": ""PTY"", ""fcstDate"": ""20260602"", ""fcstTime"": ""1800"", ""fcstValue"": ""0""}, {""nx"": 60, ""ny"": 66, ""baseDate"": ""20260602"", ""baseTime"": ""1530"", ""category"": ""RN1"", ""fcstDate"": ""20260602"", ""fcstTime"": ""1800"", ""fcstValue"": ""강수없음""}, {""nx"": 60, ""ny"": 66, ""baseDate"": ""20260602"", ""baseTime"": ""1530"", ""category"": ""SKY"", ""fcstDate"": ""20260602"", ""fcstTime"": ""1800"", ""fcstValue"": ""4""}, {""nx"": 60, ""ny"": 66, ""baseDate"": ""20260602"", ""baseTime"": ""1530"", ""category"": ""T1H"", ""fcstDate"": ""20260602"", ""fcstTime"": ""1800"", ""fcstValue"": ""22""}, {""nx"": 60, ""ny"": 66, ""baseDate"": ""20260602"", ""baseTime"": ""1530"", ""category"": ""REH"", ""fcstDate"": ""20260602"", ""fcstTime"": ""1800"", ""fcstValue"": ""80""}, {""nx"": 60, ""ny"": 66, ""baseDate"": ""20260602"", ""baseTime"": ""1530"", ""category"": ""UUU"", ""fcstDate"": ""20260602"", ""fcstTime"": ""1800"", ""fcstValue"": ""0.9""}, {""nx"": 60, ""ny"": 66, ""baseDate"": ""20260602"", ""baseTime"": ""1530"", ""category"": ""VVV"", ""fcstDate"": ""20260602"", ""fcstTime"": ""1800"", ""fcstValue"": ""-1.4""}, {""nx"": 60, ""ny"": 66, ""baseDate"": ""20260602"", ""baseTime"": ""1530"", ""category"": ""VEC"", ""fcstDate"": ""20260602"", ""fcstTime"": ""1800"", ""fcstValue"": ""329""}, {""nx"": 60, ""ny"": 66, ""baseDate"": ""20260602"", ""baseTime"": ""1530"", ""category"": ""WSD"", ""fcstDate"": ""20260602"", ""fcstTime"": ""1800"", ""fcstValue"": ""2""}]",2026-06-02 16:35:19,2026-06-02 16:35:19
5101110,2026-06-02 15:30:00,2026-06-02 19:00:00,60,66,21.0,1.0,0.0,5,KMA_ULTRA_FCST,"[{""nx"": 60, ""ny"": 66, ""baseDate"": ""20260602"", ""baseTime"": ""1530"", ""category"": ""LGT"", ""fcstDate"": ""20260602"", ""fcstTime"": ""1900"", ""fcstValue"": ""0""}, {""nx"": 60, ""ny"": 66, ""baseDate"": ""20260602"", ""baseTime"": ""1530"", ""category"": ""PTY"", ""fcstDate"": ""20260602"", ""fcstTime"": ""1900"", ""fcstValue"": ""5""}, {""nx"": 60, ""ny"": 66, ""baseDate"": ""20260602"", ""baseTime"": ""1530"", ""category"": ""RN1"", ""fcstDate"": ""20260602"", ""fcstTime"": ""1900"", ""fcstValue"": ""1mm 미만""}, {""nx"": 60, ""ny"": 66, ""baseDate"": ""20260602"", ""baseTime"": ""1530"", ""category"": ""SKY"", ""fcstDate"": ""20260602"", ""fcstTime"": ""1900"", ""fcstValue"": ""4""}, {""nx"": 60, ""ny"": 66, ""baseDate"": ""20260602"", ""baseTime"": ""1530"", ""category"": ""T1H"", ""fcstDate"": ""20260602"", ""fcstTime"": ""1900"", ""fcstValue"": ""21""}, {""nx"": 60, ""ny"": 66, ""baseDate"": ""20260602"", ""baseTime"": ""1530"", ""category"": ""REH"", ""fcstDate"": ""20260602"", ""fcstTime"": ""1900"", ""fcstValue"": ""80""}, {""nx"": 60, ""ny"": 66, ""baseDate"": ""20260602"", ""baseTime"": ""1530"", ""category"": ""UUU"", ""fcstDate"": ""20260602"", ""fcstTime"": ""1900"", ""fcstValue"": ""0.4""}, {""nx"": 60, ""ny"": 66, ""baseDate"": ""20260602"", ""baseTime"": ""1530"", ""category"": ""VVV"", ""fcstDate"": ""20260602"", ""fcstTime"": ""1900"", ""fcstValue"": ""-1.5""}, {""nx"": 60, ""ny"": 66, ""baseDate"": ""20260602"", ""baseTime"": ""1530"", ""category"": ""VEC"", ""fcstDate"": ""20260602"", ""fcstTime"": ""1900"", ""fcstValue"": ""346""}, {""nx"": 60, ""ny"": 66, ""baseDate"": ""20260602"", ""baseTime"": ""1530"", ""category"": ""WSD"", ""fcstDate"": ""20260602"", ""fcstTime"": ""1900"", ""fcstValue"": ""2""}]",2026-06-02 16:35:19,2026-06-02 16:35:19
5101110,2026-06-02 15:30:00,2026-06-02 20:00:00,60,66,20.0,0.0,0.0,0,KMA_ULTRA_FCST,"[{""nx"": 60, ""ny"": 66, ""baseDate"": ""20260602"", ""baseTime"": ""1530"", ""category"": ""LGT"", ""fcstDate"": ""20260602"", ""fcstTime"": ""2000"", ""fcstValue"": ""0""}, {""nx"": 60, ""ny"": 66, ""baseDate"": ""20260602"", ""baseTime"": ""1530"", ""category"": ""PTY"", ""fcstDate"": ""20260602"", ""fcstTime"": ""2000"", ""fcstValue"": ""0""}, {""nx"": 60, ""ny"": 66, ""baseDate"": ""20260602"", ""baseTime"": ""1530"", ""category"": ""RN1"", ""fcstDate"": ""20260602"", ""fcstTime"": ""2000"", ""fcstValue"": ""강수없음""}, {""nx"": 60, ""ny"": 66, ""baseDate"": ""20260602"", ""baseTime"": ""1530"", ""category"": ""SKY"", ""fcstDate"": ""20260602"", ""fcstTime"": ""2000"", ""fcstValue"": ""3""}, {""nx"": 60, ""ny"": 66, ""baseDate"": ""20260602"", ""baseTime"": ""1530"", ""category"": ""T1H"", ""fcstDate"": ""20260602"", ""fcstTime"": ""2000"", ""fcstValue"": ""20""}, {""nx"": 60, ""ny"": 66, ""baseDate"": ""20260602"", ""baseTime"": ""1530"", ""category"": ""REH"", ""fcstDate"": ""20260602"", ""fcstTime"": ""2000"", ""fcstValue"": ""90""}, {""nx"": 60, ""ny"": 66, ""baseDate"": ""20260602"", ""baseTime"": ""1530"", ""category"": ""UUU"", ""fcstDate"": ""20260602"", ""fcstTime"": ""2000"", ""fcstValue"": ""1.1""}, {""nx"": 60, ""ny"": 66, ""baseDate"": ""20260602"", ""baseTime"": ""1530"", ""category"": ""VVV"", ""fcstDate"": ""20260602"", ""fcstTime"": ""2000"", ""fcstValue"": ""-1.7""}, {""nx"": 60, ""ny"": 66, ""baseDate"": ""20260602"", ""baseTime"": ""1530"", ""category"": ""VEC"", ""fcstDate"": ""20260602"", ""fcstTime"": ""2000"", ""fcstValue"": ""329""}, {""nx"": 60, ""ny"": 66, ""baseDate"": ""20260602"", ""baseTime"": ""1530"", ""category"": ""WSD"", ""fcstDate"": ""20260602"", ""fcstTime"": ""2000"", ""fcstValue"": ""2""}]",2026-06-02 16:35:19,2026-06-02 16:35:19
5101110,2026-06-02 15:30:00,2026-06-02 21:00:00,60,66,19.0,0.0,0.0,0,KMA_ULTRA_FCST,"[{""nx"": 60, ""ny"": 66, ""baseDate"": ""20260602"", ""baseTime"": ""1530"", ""category"": ""LGT"", ""fcstDate"": ""20260602"", ""fcstTime"": ""2100"", ""fcstValue"": ""0""}, {""nx"": 60, ""ny"": 66, ""baseDate"": ""20260602"", ""baseTime"": ""1530"", ""category"": ""PTY"", ""fcstDate"": ""20260602"", ""fcstTime"": ""2100"", ""fcstValue"": ""0""}, {""nx"": 60, ""ny"": 66, ""baseDate"": ""20260602"", ""baseTime"": ""1530"", ""category"": ""RN1"", ""fcstDate"": ""20260602"", ""fcstTime"": ""2100"", ""fcstValue"": ""강수없음""}, {""nx"": 60, ""ny"": 66, ""baseDate"": ""20260602"", ""baseTime"": ""1530"", ""category"": ""SKY"", ""fcstDate"": ""20260602"", ""fcstTime"": ""2100"", ""fcstValue"": ""4""}, {""nx"": 60, ""ny"": 66, ""baseDate"": ""20260602"", ""baseTime"": ""1530"", ""category"": ""T1H"", ""fcstDate"": ""20260602"", ""fcstTime"": ""2100"", ""fcstValue"": ""19""}, {""nx"": 60, ""ny"": 66, ""baseDate"": ""20260602"", ""baseTime"": ""1530"", ""category"": ""REH"", ""fcstDate"": ""20260602"", ""fcstTime"": ""2100"", ""fcstValue"": ""90""}, {""nx"": 60, ""ny"": 66, ""baseDate"": ""20260602"", ""baseTime"": ""1530"", ""category"": ""UUU"", ""fcstDate"": ""20260602"", ""fcstTime"": ""2100"", ""fcstValue"": ""0.9""}, {""nx"": 60, ""ny"": 66, ""baseDate"": ""20260602"", ""baseTime"": ""1530"", ""category"": ""VVV"", ""fcstDate"": ""20260602"", ""fcstTime"": ""2100"", ""fcstValue"": ""-1.6""}, {""nx"": 60, ""ny"": 66, ""baseDate"": ""20260602"", ""baseTime"": ""1530"", ""category"": ""VEC"", ""fcstDate"": ""20260602"", ""fcstTime"": ""2100"", ""fcstValue"": ""332""}, {""nx"": 60, ""ny"": 66, ""baseDate"": ""20260602"", ""baseTime"": ""1530"", ""category"": ""WSD"", ""fcstDate"": ""20260602"", ""fcstTime"": ""2100"", ""fcstValue"": ""2""}]",2026-06-02 16:35:19,2026-06-02 16:35:19
